sale_id,customer_id,product_id,sale_date,quantity,total_amount,payment_method
d95cbc9f-cb93-4968-8644-f9d40d67bee3,21,21,2024-08-09,5,4900.8,Credit Card
0481f897-aa99-4992-8cb9-e475a5b81f56,55,38,2024-12-02,2,3245.16,PayPal
af2b0ec9-43d7-4bfe-b258-b77e7b75e046,19,19,2024-11-06,1,101.2,PayPal
d5c28384-4c6a-46a7-bff5-2009f1e75d1a,47,47,2025-01-29,5,1409.65,Credit Card
d0d15bc6-365f-4b95-b4ba-b05ea274f9dd,45,45,2025-05-19,2,2477.78,Credit Card
1f672fd1-fd25-44fb-b183-6270b998169c,83,28,2025-05-05,2,2266.7,Credit Card
07a43fe0-da1e-4efb-958a-c3b58eb66a67,77,5,2024-11-14,2,2766.84,Cash
cca53370-e949-4bfc-966d-ed26cb8d9690,33,33,2024-12-31,4,1767.44,Credit Card
62ba4a13-fe9a-4eac-b897-629925f09b48,50,50,2025-02-03,3,5472.66,PayPal
b29b95ca-baec-48a5-b8f5-1c445db09176,73,3,2025-03-15,2,3965.34,Credit Card
fbcd94a9-e5c7-44f4-a9b6-71b65880036b,8,8,2025-05-01,2,3110.98,Credit Card
532ca473-2036-4d16-8384-745f433dd1b1,89,24,2025-02-02,2,2621.12,PayPal
77df8b11-8430-438b-b897-bea4d9c9630b,83,28,2025-03-10,5,5666.75,PayPal
d385ed57-7f77-4e9f-9d49-0dd0aa438cad,81,4,2025-02-09,2,2297.4,Debit Card
95e66adc-bc11-486d-8813-3d3583006641,52,9,2025-05-11,3,4763.91,Debit Card
9de5e5ae-3b86-4b78-b5ac-e7d40e365e2d,44,44,2024-08-10,5,6840.55,Cash
d9510e31-1999-4b47-8484-0632123a2e41,58,11,2024-06-23,4,5927.76,Cash
21b7be31-a9b6-4b9e-a358-70ca04fe6454,87,3,2024-09-19,2,832.72,PayPal
3f2b068d-3be3-41b7-bc2a-4e6d957425a8,20,20,2025-02-21,4,4576.44,Cash
e6204861-2c71-4e0c-ba8b-92bd3cb29c42,17,17,2024-11-16,3,3096.99,Credit Card
9d0af8a9-8283-43fc-bfbf-ef731d750cf8,41,41,2025-04-26,5,4903.45,PayPal
f3f0fd57-e7d3-462f-8ad0-aaeda408cf10,26,26,2024-08-24,5,352.7,Debit Card
091cd504-b99a-4292-9b1f-46066ad28382,37,37,2024-07-01,1,34.72,Credit Card
5600e935-c38b-4941-84dc-ef8bf63e612f,87,3,2025-05-04,4,1665.44,Cash
ab2ff14d-56fc-4ad9-bfcf-4c6b26863e7c,45,45,2025-03-13,1,1238.89,Credit Card
cbbbeba7-52db-4574-b3db-f67e62af8cdf,27,27,2025-03-05,2,3800.48,Cash
7f62393c-b033-4e37-b2ea-e5c592757b93,3,3,2024-08-25,3,3909.96,PayPal
fa0baecb-3d0c-46a3-95c1-9cce5b09ecf4,67,1,2024-09-27,1,808.88,PayPal
d9bad678-ba88-4216-9670-32a2892b5e56,36,36,2025-01-17,2,113.08,Debit Card
5195e690-3fe3-4c4b-a8bc-f7be7d6a51f1,30,30,2025-06-03,2,3962.34,Credit Card
5dcfcce9-d4f1-4644-9dd0-1c8e3c09e88b,42,42,2025-05-23,5,5833.2,Cash
d88bee7e-bb92-4637-83ed-4a6c75527ab7,92,49,2024-08-13,4,4074.16,Cash
599ed20c-e453-4633-ba3a-f609556c4ece,85,41,2024-09-19,1,692.62,Debit Card
13977cdd-3c2c-4b6a-80c6-098654643ba0,60,40,2024-06-25,5,4980.25,Credit Card
b84d430a-44ce-4158-8fb9-059bf2844b50,37,37,2025-04-20,4,138.88,PayPal
76df9af0-fe1f-48b8-8f60-d4a9ca5e090b,30,30,2025-05-12,3,5943.51,Credit Card
9506212e-8f27-461e-a345-aabb4f93a50f,33,33,2025-02-28,4,1767.44,Cash
a26e7187-7893-41f4-91d4-fcb49f5b149f,69,43,2025-03-27,3,3948.0,PayPal
d9d8f54a-aaf6-4ec9-98f0-6973440760a8,75,41,2024-12-08,5,4462.55,Credit Card
3cc2700e-18b3-4ed3-be6b-29e3bfdd0424,82,40,2024-10-07,5,1019.0,Cash
b01014b4-e910-491e-a456-d38d70e4a6b3,26,26,2024-07-16,4,282.16,Debit Card
bd62b0d2-2441-4c01-b184-e2195a640f75,32,32,2024-11-25,5,2420.9,Credit Card
d1e491f8-b0ac-4aad-a550-16ba9565f405,25,25,2025-04-09,2,3810.06,PayPal
25da8427-303c-4ff2-bcd7-65aad667de12,71,2,2024-11-15,5,4648.9,PayPal
71c91c9b-ba8f-461f-ac0d-fb3fff3f9d08,77,5,2024-10-04,5,6917.1,PayPal
6afb4570-97bc-4ed8-ae2e-68661b1e10fd,92,49,2025-03-15,2,2037.08,Debit Card
276ee6a9-3612-4046-ba51-86e23ae637f2,2,2,2025-03-05,3,1159.38,Debit Card
c7f12815-3534-434d-bae1-6b9641dcc8ed,49,49,2025-06-05,1,1028.02,PayPal
6a258447-c092-4313-9a00-7df69d9cbcfb,18,18,2024-08-31,5,5440.05,Credit Card
88a49bde-7d76-4a7a-9589-0a719cb50d28,48,48,2024-12-17,5,3063.0,Credit Card
6eb2ce8f-5715-4324-934c-7032615753b0,34,34,2025-03-27,2,3990.18,Credit Card
8663ddaf-5fc7-4d8c-8ff0-586fcac7ea49,17,17,2024-12-05,3,3096.99,PayPal
4ee31b12-770f-4561-8850-dfdd0d497fab,45,45,2025-06-11,5,6194.45,Cash
5ac63350-ee47-4c2e-aa91-caf2bf0e99b2,36,36,2025-03-12,1,56.54,Cash
2a8b891d-4f73-45db-92d1-c45c29989cb9,78,23,2024-10-24,4,6160.84,PayPal
8627208e-e21b-4004-99d5-6f72b13adbab,94,39,2024-12-14,2,3829.2,Cash
ae3eb370-c917-45ce-9bc1-1e9570a143b7,55,38,2024-08-23,1,1622.58,Credit Card
fe8b5555-acfe-4da4-bbb3-dc795bc2fd54,22,22,2025-02-19,1,253.49,Debit Card
fcc0e03c-1543-4f1e-92a0-240a07fee875,62,1,2025-06-11,4,7990.6,Credit Card
e1899d90-bb72-4ce8-a473-3be453a9d01e,80,12,2025-03-28,2,3922.96,Credit Card
4a3647f7-90a2-4008-b045-55396ca6da28,32,32,2024-12-24,2,968.36,Cash
d0b0d679-dfbb-409d-819d-0d04fb842bba,1,1,2024-09-01,5,7189.4,Debit Card
a9a76f44-53b9-4056-8f8f-e79f23c4f035,49,49,2024-09-01,2,2056.04,Credit Card
545c75ba-5f58-44b4-a293-d10fe4a06229,26,26,2024-10-25,3,211.62,Cash
02a6104e-6141-4229-8b49-ea386be51933,31,31,2025-05-24,2,3497.42,Cash
e40cc93a-00ed-46c8-9b76-704c5a9f8011,37,37,2025-03-12,5,173.6,Cash
c759fe5d-2396-436c-8be6-5595680f69e5,60,40,2024-12-24,5,4980.25,PayPal
7c4ad26d-5900-49c9-8885-15509cea386d,32,32,2024-08-05,3,1452.54,PayPal
8924170c-b3db-4009-9603-dc479c1f3220,63,9,2025-04-16,3,1164.57,PayPal
8a8f3b3a-96b4-4e01-9015-aec4dde633a3,43,43,2025-05-07,5,7440.65,Cash
3c4e0435-e52b-4e02-b46e-e77f99b43d45,89,24,2024-08-01,5,6552.8,PayPal
d0c128ba-1d47-4e35-ad89-4d9b591b6259,34,34,2025-05-26,2,3990.18,Cash
a93efca0-d684-466f-9a51-6c25153be025,55,38,2024-07-20,5,8112.9,Debit Card
093f0b0e-360f-4529-a194-656071286d5e,11,11,2024-12-26,1,1856.26,Debit Card
342801b3-fdd4-49cc-98e9-1368d8b31210,90,36,2025-02-09,5,5870.3,PayPal
735711fd-17df-4713-8746-d197c0437b85,5,5,2025-03-15,1,388.11,Debit Card
33c378e2-0191-402b-8065-5c0dccc46543,31,31,2024-10-10,2,3497.42,PayPal
0d761438-cd65-4f54-b261-d7e8858cbf1d,1,1,2025-05-07,4,5751.52,Debit Card
c492f6b2-1b18-459c-b3ed-43be471bcdab,5,5,2024-08-29,2,776.22,Credit Card
186eee18-802b-43d5-bc6b-4dcaa7035bbf,40,40,2025-01-27,4,154.6,Credit Card
0c2e9df3-6c84-4dd6-910d-a60c849f2906,3,3,2024-09-14,1,1303.32,Cash
0023a631-a347-4b23-8d61-a4548b316ece,29,29,2024-11-19,3,3580.5,Debit Card
df91a508-3d3e-49c5-b819-74f91003c4ae,35,35,2025-02-08,5,6221.45,Credit Card
39165164-97ed-4cac-ba29-e018830a19f6,54,8,2025-04-19,5,5611.9,Debit Card
20ae17b2-6c47-45a2-aa6a-41b260998eb0,1,1,2024-10-29,3,4313.64,Cash
aab1a179-11e6-4260-a0c4-b0da4b08c206,85,41,2025-06-01,4,2770.48,PayPal
2b80e959-347d-4edd-bdaa-f67144cf7e27,19,19,2024-10-21,4,404.8,PayPal
2aeab270-7481-4e3f-8d90-515c94add00e,6,6,2025-02-22,4,6775.6,Debit Card
0dbf8a39-ce91-4407-a637-abdf4345f4b5,39,39,2025-01-31,1,1845.36,Debit Card
672b2b36-1c30-461c-b9c2-acce6046cb77,60,40,2024-11-10,1,996.05,Credit Card
f5c80128-6bf4-49dc-89e4-55107abf6880,26,26,2024-08-07,5,352.7,PayPal
819280e0-8d29-42e7-ba30-9df8d18661fe,3,3,2024-12-29,3,3909.96,PayPal
df0099a4-efc8-4a54-a451-043115644b50,80,12,2024-08-12,5,9807.4,Cash
63081fda-6574-41fa-bd00-5fdab9507616,98,32,2024-10-10,3,2623.38,PayPal
1cc4f326-175b-4f95-a1c6-7df3b55fc40d,37,37,2024-07-11,2,69.44,PayPal
61dea3a5-01b8-4dc2-958f-d40dbbd27107,71,2,2024-09-24,1,929.78,PayPal
88eba6b8-2420-4b85-9563-d304630fbd63,28,28,2024-12-07,1,13.4,PayPal
1a629a90-3f0a-4d35-8d6d-8e66e1c6ff47,53,9,2025-01-03,1,1441.66,PayPal
9eb5e222-faf6-4da4-b866-d7c1734be896,66,17,2025-03-01,4,4985.96,PayPal
9f355638-1886-45c1-9ae1-3207e2295ba3,59,3,2024-09-17,2,2439.54,PayPal
0f2120e7-694a-42e2-9b97-68aa9fa5f823,26,26,2025-01-22,2,141.08,PayPal
980fbec1-0984-417b-a5d1-a19417fd77d7,45,45,2025-06-14,3,3716.67,Credit Card
d1969228-2d76-4efb-81f4-debc5c5d5d90,7,7,2025-04-14,5,2490.45,Cash
e069f302-d48e-4fce-af99-9f4333e111eb,28,28,2025-05-31,3,40.2,PayPal
cbf09266-d9a3-40f0-a446-8bfd08eff0d4,1,1,2025-03-05,1,1437.88,PayPal
4d40460e-5948-4136-92e8-1f152327fc04,47,47,2025-01-03,5,1409.65,PayPal
9e1f8a2a-f40f-4809-828e-aa937d83e837,29,29,2025-01-26,5,5967.5,Cash
6950bfbc-62f2-4a7c-8c1e-08d45c678865,82,40,2024-08-26,5,1019.0,Credit Card
b8f75b69-5d28-4790-b5c5-0199a522d6d6,95,9,2025-04-13,5,4597.0,Debit Card
f2db07ac-1ecf-46e7-9c1d-ec38eb58b16b,59,3,2024-07-09,5,6098.85,PayPal
5902f93b-cf34-4b8a-a952-199c4366e3f4,22,22,2025-02-19,3,760.47,Credit Card
8cea63b9-7cfc-432e-9798-346566404883,79,34,2024-12-11,4,229.24,Debit Card
971e4ace-d654-4356-9e19-c48a735ac0ea,65,31,2024-10-29,1,98.45,Credit Card
f204bae3-a605-4ddd-bc86-9ac05a018686,36,36,2024-10-17,5,282.7,Cash
b364b522-c285-48e5-b5e9-db718bf23b3d,69,43,2024-10-16,1,1316.0,Credit Card
4c973f1c-2fea-49ac-bdae-8efac4977f8b,98,32,2025-03-24,2,1748.92,Cash
b6672716-c27e-4b9b-af94-13770f849f06,49,49,2025-04-07,5,5140.1,Cash
6f367a8a-62ed-4c22-8f04-e3047449701f,73,3,2025-04-09,2,3965.34,Debit Card
9aca3d4b-ca10-44a3-a5a8-c041d2b878b3,75,41,2024-07-13,3,2677.53,Credit Card
131d1f4b-be1a-40fd-9f13-ec828caffddb,19,19,2025-04-07,3,303.6,Credit Card
1676a40e-27a4-4e1b-bd18-314ac9e4c54a,98,32,2024-09-20,3,2623.38,Credit Card
d42806c9-d217-42c1-8eac-2c2cbfd73d50,11,11,2024-10-04,2,3712.52,Debit Card
57d58ddc-49a3-47bb-bdf9-988806cc9c3a,37,37,2025-06-16,3,104.16,Cash
794c63e8-31a0-4886-b6b8-91965ccefd95,3,3,2024-12-03,3,3909.96,Cash
dd986774-4309-48a5-8c44-de9861195eab,42,42,2025-01-08,3,3499.92,PayPal
3425f0b8-2a4f-4076-ad52-678aea5dfbcd,15,15,2024-07-16,1,1457.9,Cash
696c8cdb-7f17-46f5-8445-120163796f1d,93,15,2024-08-19,2,247.88,Credit Card
1bb2ba72-30bb-4ce4-808f-11b70bef0672,51,34,2024-09-30,3,583.41,Credit Card
c584e06d-ebe8-4c55-90b1-a610561b2b02,8,8,2024-08-23,2,3110.98,PayPal
de1b3b55-ba22-482c-8448-87566bcfa782,51,34,2024-10-08,3,583.41,Credit Card
40387736-1e2a-421f-90b9-efa83d935f28,73,3,2024-07-06,3,5948.01,Cash
a69805a8-b521-48fb-a826-5d84f7f83811,54,8,2025-04-16,5,5611.9,PayPal
eebceefa-ee0f-4ccb-bed0-26863fa0dc19,21,21,2024-10-30,4,3920.64,Credit Card
3eaa3572-1814-4a60-87fd-a6b4a967890f,89,24,2025-06-19,1,1310.56,PayPal
041c92f4-c92f-48e4-b2a7-e848536e0b37,61,41,2024-07-04,3,849.09,Cash
7b1b2650-3e20-42f4-955f-7d943e72903a,12,12,2024-10-20,3,1506.78,Cash
69992b31-3ec4-4a90-86a9-7bd03880f278,21,21,2024-06-26,3,2940.48,Cash
936e5a6b-9418-460d-8c77-80ca68a4baaf,52,9,2024-12-07,3,4763.91,PayPal
9d0750c0-108b-4aa1-a3ec-9adc6aab3d78,7,7,2025-02-04,4,1992.36,Cash
5fb32035-6955-4185-8c33-01fb3e88a591,45,45,2025-04-07,4,4955.56,Credit Card
d58d18e1-5879-47fb-8c10-ae5597bc7f1e,95,9,2024-11-05,3,2758.2,PayPal
6fc4374c-d2d9-4b8d-848b-4da8aa76cfbd,88,41,2024-08-05,1,1842.48,Cash
6e7addee-2e6a-4fee-9d6a-119beb49f513,57,35,2025-04-11,2,2601.6,Cash
ce488729-8aa2-4b6e-bced-8b32b443b77b,77,5,2024-06-24,3,4150.26,PayPal
69ecf806-1494-4f03-bd97-43ae41dc3f39,57,35,2025-05-16,4,5203.2,PayPal
e209e94f-9da3-4c86-833c-3007d89ab509,55,38,2025-05-08,5,8112.9,Cash
ef26a112-f1ea-4870-bee7-8245013b3d48,69,43,2025-01-20,5,6580.0,Credit Card
95dc2236-aaf6-4389-be9e-c24fc2acfdae,74,5,2025-02-22,1,1030.41,PayPal
f2d8a55f-2814-431c-ac08-3d3a86c234e7,56,7,2025-04-12,3,2146.29,Credit Card
5e0ebc81-0450-432f-9aa7-0c590243afea,38,38,2024-12-25,2,3563.7,Cash
d417a330-0cb2-46a0-8252-1ea410ef5f0c,37,37,2025-04-20,3,104.16,PayPal
e53a894b-c189-4e37-9261-7a053910e996,44,44,2025-02-28,5,6840.55,Debit Card
4f6d1b73-d924-4d6a-a62d-16b5039a8aee,60,40,2024-08-18,5,4980.25,Debit Card
39b93102-bf33-4b74-9fa6-ba63932fb1af,72,25,2025-05-20,4,6904.24,Credit Card
82d0f618-605f-4e2b-a285-120b1eb17c69,54,8,2025-05-22,3,3367.14,Debit Card
c1bff00a-40d7-4613-8852-b35d6b783261,81,4,2024-07-25,1,1148.7,PayPal
02698c43-0320-4cf0-94bb-a16f85ffae8a,50,50,2024-11-15,3,5472.66,Credit Card
a87ce248-e993-49a4-abfa-54b03f8f8158,39,39,2025-04-19,5,9226.8,Cash
4ba7bc42-ce99-4e62-a853-17bc67baf1ff,94,39,2025-02-26,5,9573.0,Cash
35b71b12-6f16-45b5-88f7-45614d89db9c,6,6,2024-07-06,3,5081.7,PayPal
1a819ce3-e9e2-4d99-a97e-53a060ee8409,33,33,2024-11-28,2,883.72,Debit Card
2f40343c-7af8-447b-93ad-5fc8a2b76a89,86,38,2025-01-06,2,2754.76,Debit Card
60a237f4-5cb7-42fc-95ef-1cffceb164a1,38,38,2024-11-02,3,5345.55,Debit Card
f72e92e1-2735-4659-83b7-043ac3ba7a70,49,49,2025-02-18,4,4112.08,Credit Card
a91b2e79-be8a-45f0-83c9-366d620b80c2,74,5,2024-11-07,1,1030.41,Credit Card
d1252188-6846-4249-8f20-8107f6786a96,61,41,2025-03-13,2,566.06,PayPal
58cc0f62-cfee-4c4f-9fa4-91946b2b0ae5,1,1,2024-11-26,3,4313.64,Debit Card
ca79f735-ce1d-43a9-8e7f-21b6286899f2,67,1,2025-03-19,4,3235.52,Credit Card
11a73a6a-701a-4c78-a7cc-c338e5849c45,19,19,2025-04-09,2,202.4,Debit Card
fb43c60c-5d56-4839-b32c-635d5e1b84dd,89,24,2024-12-15,4,5242.24,Cash
5e0ba6c0-4df7-4f6b-8e2f-5a9e96f31ad0,4,4,2024-07-09,2,2158.86,Credit Card
4487ca7b-122f-42a5-b03b-61d5d95dd7bd,19,19,2025-03-13,5,506.0,Debit Card
dae799e0-cca0-41fe-8cf2-61939c05ec2e,65,31,2024-10-28,4,393.8,PayPal
04cad6cd-c74a-4706-8300-48314f22742e,92,49,2024-08-30,4,4074.16,Cash
ca9c0b67-7d30-4bb2-980a-380215d35645,77,5,2024-09-15,2,2766.84,Debit Card
09f50f2b-eeba-4f2e-8832-57bd72056d1f,22,22,2024-12-14,2,506.98,Credit Card
b7be4c8b-e12f-4521-b25a-ba1aa2d39dc9,27,27,2024-06-27,5,9501.2,PayPal
3ba508f3-6b7f-4a37-bed9-cc9a3b045c1f,23,23,2025-06-10,1,799.2,Cash
1c1ff285-1ae9-4936-aa1f-c7bc845fc063,25,25,2024-11-19,5,9525.15,Cash
094991c3-adf9-40f9-b490-3ceeff389af6,38,38,2024-11-18,5,8909.25,Credit Card
b2dc16d7-dbee-451b-850c-addcdd222da7,43,43,2025-03-26,5,7440.65,Cash
f3eb8800-582c-4dc0-a068-ef6118bcd9b1,83,28,2025-03-12,3,3400.05,Credit Card
008e89ec-8994-4479-b843-5991fb88411f,7,7,2025-03-04,3,1494.27,Cash
9aef9203-cc47-4c54-b96f-8e6894e804fe,38,38,2025-03-19,2,3563.7,Credit Card
3464398d-fcda-4b87-a58f-2e72dc4ee411,7,7,2024-10-13,2,996.18,Debit Card
05a32542-e3c2-4ed6-bf94-c0b16f89a37e,33,33,2025-05-01,3,1325.58,Cash
26a6f738-f3be-4285-994c-19d344ef6a39,21,21,2024-12-29,2,1960.32,PayPal
3682af43-d49b-4b02-8505-1c755f905015,6,6,2025-04-18,1,1693.9,Cash
3aecb207-5f41-4e00-b9ec-74cc04087466,39,39,2025-02-20,3,5536.08,Debit Card
4446ae6b-d28a-4b31-b277-ea0cb1b69a7d,94,39,2025-05-27,1,1914.6,PayPal
42c3f7af-227b-4a30-a910-ae6dbdc94487,13,13,2025-05-26,4,5344.4,Credit Card
371a13c8-f2c1-49e9-a4e2-2e5f234a5543,1,1,2025-05-24,3,4313.64,Cash
6d8e46e7-db52-41f0-a068-5607428bba71,15,15,2024-10-29,4,5831.6,PayPal
717fed1e-4054-4ea3-8408-4d829d20af97,35,35,2025-05-17,5,6221.45,Debit Card
ea5ddfa2-5820-45d8-8858-7d4700dbe19e,28,28,2024-09-05,3,40.2,PayPal
61bb4b77-5157-4fc3-88a6-ee479449f56f,73,3,2025-06-09,2,3965.34,Cash
1177c083-ff25-4195-91a5-854c82ac96d9,56,7,2024-09-26,5,3577.15,PayPal
cf7428d3-b744-4170-a6b4-f5b6f59b7c76,54,8,2024-09-01,2,2244.76,Credit Card
61d5be03-50c3-49b1-8f10-aef1c9ca813e,80,12,2024-12-21,2,3922.96,Credit Card
3eef3aa6-1ab7-4885-8ed4-039590f455c3,44,44,2024-10-28,5,6840.55,Debit Card
878faa9d-5249-443d-9d70-32606e38c242,48,48,2024-11-19,5,3063.0,PayPal
6ba7809d-5b2e-4223-a744-c93e79e40f88,15,15,2024-07-10,2,2915.8,PayPal
6d3e8c64-6df1-40d3-81ca-6044f0f88bdb,94,39,2025-04-12,1,1914.6,Cash
fc4c4ada-512a-4a09-86f5-6b5a8f3021b6,27,27,2024-08-30,3,5700.72,PayPal
59792b5b-1524-4c62-8d67-18a3ad4fc824,87,3,2024-09-29,4,1665.44,Credit Card
7da8a214-7bc2-404c-8c31-cac57e4cdcee,54,8,2024-10-20,1,1122.38,PayPal
d51dbc21-9e78-4f89-85ac-434bbc6cc3a2,29,29,2024-07-29,4,4774.0,Debit Card
4e7ceba0-76c1-4b6b-abf7-2dab3cdd614e,65,31,2024-07-18,4,393.8,Cash
19e486eb-953c-453d-83c2-d4f8fce9154d,94,39,2024-11-19,5,9573.0,Debit Card
4d389a3b-4048-4bfc-8073-be85c97f26b6,26,26,2024-09-24,4,282.16,Debit Card
d809de8e-e3d1-4fa6-9505-913b039cfac2,90,36,2025-02-27,5,5870.3,Cash
984397df-1d9c-4c84-8127-c9b670a20069,31,31,2024-07-15,2,3497.42,Cash
b25b1fda-0348-404a-9239-85c86eb192c4,8,8,2024-08-27,1,1555.49,PayPal
0299f9ae-47d6-49be-8f82-107c6d99f5ce,97,28,2024-09-23,3,1422.36,PayPal
5188e78f-8bec-4998-8efd-29ae1c227cc0,96,29,2025-03-02,3,495.48,Cash
d7e6fff2-c3fa-4abc-b28c-1e11cbd6bc29,32,32,2025-06-02,2,968.36,Cash
9ad6e955-9546-4483-8dc6-8ece52bfc150,5,5,2024-07-19,1,388.11,Debit Card
4b2d9e8e-feba-4c94-996c-a529ad37768a,71,2,2024-06-20,5,4648.9,PayPal
526e682e-c17c-42e2-bb90-044bf5bc9bd5,42,42,2025-03-09,4,4666.56,Cash
0ad2da07-597c-4dff-93bd-1b2c2afcf26e,87,3,2025-05-12,3,1249.08,Debit Card
0e235b9d-8889-4e2f-a573-d521d1b32b8d,28,28,2024-08-26,2,26.8,PayPal
4523db7b-a210-4818-ab32-2a7168336f91,30,30,2024-11-05,1,1981.17,PayPal
fce7eb37-eb58-4fe0-92c9-8b1e450aa6a5,80,12,2024-06-19,5,9807.4,Debit Card
5aa96d1d-3235-440a-a565-61c52718290e,52,9,2024-07-10,4,6351.88,Credit Card
46f6918f-5e7e-43dc-96d8-f163c8771bda,16,16,2024-07-10,5,8047.95,Debit Card
5fd4122b-a8c0-4881-a9b8-2066514be703,26,26,2024-07-22,4,282.16,PayPal
4cd0278c-f71b-4cbf-91aa-96de7296ae74,66,17,2024-08-28,3,3739.47,Cash
1153d7f9-3652-4e74-b119-5bbbb51373f9,21,21,2025-02-22,4,3920.64,Cash
da7d3c5c-ad54-4cde-947c-ce4637f01913,87,3,2025-06-18,4,1665.44,Credit Card
f262da32-1800-4972-8ce8-e754f975fc78,67,1,2024-09-07,4,3235.52,Credit Card
60fa3d4e-c923-4fa0-8a5c-0a351c0a852b,90,36,2024-09-03,2,2348.12,Credit Card
0efeaca8-6c2c-4df4-a7fb-63dd3879645c,74,5,2025-06-01,4,4121.64,Cash
1d1ddd26-f3d6-4586-9753-b09ed757c657,4,4,2024-12-07,2,2158.86,Debit Card
095a4af1-24b5-4347-8095-88e7e4c5f9d3,19,19,2024-07-10,5,506.0,Credit Card
aa8d4003-fe92-468a-83d1-7b0dd21f0189,34,34,2025-02-13,2,3990.18,PayPal
93590256-9402-401c-a4e1-42fd6e70fddf,20,20,2025-01-16,1,1144.11,Credit Card
c671a8a6-841d-474c-baf1-bc73d6444a77,40,40,2024-09-27,1,38.65,Debit Card
5ddbf482-aa46-4fe1-a64e-c5bcac3ebd60,88,41,2024-09-20,1,1842.48,PayPal
23da3494-9464-4c96-9f69-76c62a3fba0e,13,13,2025-01-19,3,4008.3,PayPal
4ddde9f8-06f8-43e1-b726-29d48b40929a,23,23,2024-12-06,3,2397.6,PayPal
f9d4e2b4-4ef4-412f-88a7-8b4c373d1051,95,9,2024-11-08,3,2758.2,Debit Card
22f36d30-c92d-4f04-86dd-7ca6cee3698d,48,48,2025-05-28,4,2450.4,Credit Card
a513d62b-b764-44f5-87ab-5c005d9f9ad0,16,16,2024-08-06,2,3219.18,Cash
c06d09c1-45df-4af1-a679-273c01c53c93,44,44,2024-12-11,4,5472.44,Credit Card
c789969f-8527-4b2d-b76d-700dc01ec647,45,45,2024-12-01,3,3716.67,Cash
5522a825-9368-4987-a571-4556717d6994,21,21,2025-03-22,2,1960.32,Cash
06c4944b-adde-4530-9d19-b91ea2928488,68,31,2025-03-04,3,4956.72,Cash
ed6c5e68-ae89-43e0-b605-40db85d4826f,77,5,2025-05-13,5,6917.1,Cash
ecc67dd5-62ec-4898-893b-fd4d35a7d4c0,61,41,2024-09-13,3,849.09,Cash
04398939-fc81-4548-89de-9aaf459c3504,42,42,2024-12-29,2,2333.28,PayPal
570f51cd-17e6-48b7-a038-70f5736a35d7,74,5,2024-09-03,5,5152.05,Cash
1ded6320-7c88-4df9-a31c-dff726275e91,29,29,2025-02-24,3,3580.5,Credit Card
3f3a8511-c405-49c1-8e2f-7bbb75a6ec7a,24,24,2024-08-26,2,2676.0,Credit Card
8b839b4e-e64f-4953-89fa-87aa86390858,14,14,2024-09-06,2,41.58,Cash
8bce8c9a-349b-4a1d-8094-36828d5733da,92,49,2025-06-08,3,3055.62,Cash
9a0dbeb2-f7cd-4ec2-825d-2c4d5b712bee,70,46,2024-12-01,5,5144.05,Debit Card
04532bb8-6fb8-4d8c-8abb-1fbf39829476,19,19,2024-07-16,4,404.8,Debit Card
0200990f-f039-4dd6-a2e3-022e365420c6,21,21,2024-07-22,4,3920.64,Debit Card
74b63dcb-775f-4b31-b861-e770b2157796,28,28,2024-09-05,1,13.4,PayPal
b30a0d88-c3e8-4786-85d1-56b5bb7f75a4,18,18,2024-07-29,4,4352.04,Credit Card
93ca120c-98a1-4f7a-8fd4-4ac1e6fff0d4,55,38,2024-11-27,5,8112.9,Cash
39d700d8-6aad-466d-8609-b0b19ca30253,27,27,2024-07-08,1,1900.24,Credit Card
8b34966f-15c3-4ec3-8137-88f09b676202,62,1,2025-05-16,5,9988.25,Cash
51d7694d-2b98-48a6-939c-cc7e4f843a11,37,37,2024-11-13,4,138.88,Debit Card
43ecd60e-e431-4457-b5a0-9572c8c92750,85,41,2024-08-19,2,1385.24,Debit Card
7c86d472-0494-4508-b968-bc3dd8edbe4f,86,38,2025-02-07,5,6886.9,Cash
5d44a044-a3fc-4cd7-b74c-0c2f7652319d,64,46,2025-01-06,2,3719.24,Cash
f3bee931-b502-4616-86bf-8fa9c2bb28c4,60,40,2024-07-04,3,2988.15,PayPal
1a1998fe-756d-441e-b1b4-3df927c12b5b,52,9,2024-09-20,3,4763.91,Cash
46343b43-e419-49de-9908-3d1a92e27dde,64,46,2024-10-16,1,1859.62,Cash
8a15d63a-a0c3-4668-923c-e8f36bb18454,58,11,2025-03-12,3,4445.82,PayPal
4d99e0f4-c409-4921-8ec1-5b334d4caaff,11,11,2025-03-04,1,1856.26,Credit Card
05be7237-1baf-403e-afa7-49db2647105f,29,29,2025-05-12,2,2387.0,PayPal
97300798-9309-4684-98e5-a3db4bc2b428,19,19,2025-06-18,1,101.2,Debit Card
cef8232f-6fff-4ab6-a8a2-e0ea180e69b0,25,25,2025-01-16,2,3810.06,PayPal
effe30ae-de2e-4d46-ba4c-769f309b38de,21,21,2024-07-16,1,980.16,PayPal
7a197dfd-208b-4274-9261-fd8e2e90e10f,35,35,2024-11-01,5,6221.45,Debit Card
32b9f7c2-7703-4860-8d27-d0ca61c5f534,76,12,2024-12-15,1,797.99,Credit Card
4cd80071-5fcf-40e4-8965-29cd9764fa46,30,30,2024-07-20,1,1981.17,PayPal
3d35f4aa-b935-4a32-88a3-03b9fe351dbe,82,40,2025-06-19,1,203.8,PayPal
80d0b434-22a1-45e6-b32a-de489ba222c6,90,36,2025-04-06,2,2348.12,Cash
a9d04ef4-87ad-43b0-a315-019e7d09ad7d,69,43,2024-08-24,5,6580.0,Credit Card
89312c4f-2b8e-4ab4-9428-8c63c5c23fa8,26,26,2025-02-13,4,282.16,Credit Card
65511060-fa42-4ac8-8d45-aed2936e9767,38,38,2025-02-12,5,8909.25,PayPal
a9dd5413-3d34-4a23-b88e-a347a62de81b,99,50,2024-12-02,2,3519.96,Cash
74ce2a77-f70a-4f65-9598-0fa5bc01c42e,62,1,2024-09-10,1,1997.65,Credit Card
a7a18a3d-1ed8-44c5-b3c6-61d00e6eff31,90,36,2025-04-28,3,3522.18,Cash
4f266a6e-23ff-40fe-bc01-7f6a1af3f4c3,30,30,2024-09-17,2,3962.34,Cash
ca85ceff-8586-4487-bc25-256bb6d6b5ee,59,3,2024-11-27,5,6098.85,PayPal
a0e7cfb2-f59c-48fc-8f14-c7000bada200,4,4,2025-04-18,1,1079.43,Debit Card
bc4a9a28-350a-4585-a217-7fbfb79d0bea,85,41,2025-05-14,3,2077.86,Credit Card
e0ae8e9c-5308-4de0-96fd-6d4d25b0f61b,22,22,2025-03-17,2,506.98,PayPal
457c44f6-bc65-4077-bd02-b8750184a03e,100,42,2025-06-19,2,3426.1,Cash
a06ef8a2-eb95-469d-affe-78ebbe0db231,26,26,2024-11-15,1,70.54,Cash
083313fd-ad26-4e2c-8424-09598999e387,33,33,2024-08-24,4,1767.44,Cash
bb2f4508-9232-432b-813e-60e20a1c24d0,73,3,2025-03-31,1,1982.67,Cash
2c54e237-f8d1-4495-8c8c-1c5dfa01f984,8,8,2024-11-04,4,6221.96,Cash
fe383be3-4826-4f8c-ad54-76ff1b4d11a2,13,13,2025-01-13,2,2672.2,Debit Card
c20e8055-247f-489e-a461-5d237366e633,2,2,2024-11-15,4,1545.84,Debit Card
5f182718-bf38-46bd-b316-576debd528eb,7,7,2025-04-27,5,2490.45,PayPal
3d3454f5-79ca-4f4f-932a-880584305997,52,9,2025-05-14,3,4763.91,Debit Card
008d3034-8a2f-4ab9-9d42-d2f6d46d497e,28,28,2024-06-19,1,13.4,Credit Card
62bc8081-b4e4-4f58-8e2d-a6611700e36e,77,5,2024-09-19,2,2766.84,Cash
7a0ac0d2-5e7d-44f1-8e4c-a2bf21c76f23,53,9,2025-04-29,3,4324.98,Cash
1666bae5-a51e-4af6-ba72-26733311ef61,63,9,2025-04-17,3,1164.57,Debit Card
d43d804a-550b-4c07-ba3a-d9d33b7d5b1a,10,10,2024-06-27,5,3844.35,PayPal
259b4867-eec0-4809-ac8b-83283b57677e,80,12,2025-01-17,3,5884.44,Cash
6e8ed418-28d9-4002-bfb5-4f78f0acf44a,37,37,2025-03-15,1,34.72,Cash
cd533a04-1a1e-4669-906e-bba7adeedcf0,48,48,2024-07-20,5,3063.0,Debit Card
838376c5-8554-4b30-9aaf-9438e3c5f2df,91,11,2025-03-16,5,3978.45,Debit Card
904c1bdc-4133-44c8-ad12-d682bf6f6de2,17,17,2024-09-03,4,4129.32,Cash
876858a9-e26b-40f9-9ad2-531b5774f93a,34,34,2024-09-28,2,3990.18,Credit Card
d42b05bb-538d-44b8-969b-db29251b118c,90,36,2025-03-09,1,1174.06,Debit Card
77c3f73d-4e8e-47bc-8d48-e4b5b5b8689e,27,27,2024-10-11,4,7600.96,Credit Card
9de8e662-4d73-41ff-84ee-de20ef55f338,72,25,2025-05-27,1,1726.06,Credit Card
a847d85a-da6e-4c2c-8763-d173b0cff367,44,44,2025-02-14,2,2736.22,Cash
2abed17c-a8bf-4c93-b61c-0c8a98db46df,41,41,2025-03-02,1,980.69,PayPal
c968fcab-02e5-46e1-a723-a83ab9d01a41,95,9,2025-06-04,1,919.4,Debit Card
4d33641d-c808-45e0-88e7-80402d4f9598,87,3,2025-01-07,1,416.36,PayPal
b9358e31-809c-45d6-9492-743384e1e323,95,9,2024-07-05,4,3677.6,PayPal
f1e81ad6-dc3c-4723-b38a-18a86c8624a3,23,23,2024-10-06,1,799.2,PayPal
41daa0b6-2b82-496e-bcb5-2c6b7dd1773c,29,29,2024-07-16,5,5967.5,Credit Card
00e74a28-676a-480d-8941-a929a6e806a3,70,46,2025-05-22,5,5144.05,Credit Card
c1a8fb0a-99c3-4a10-8661-3b37b7150a2d,57,35,2024-11-12,1,1300.8,Cash
44bfcfd0-9710-42d0-827e-8c90dc650c2c,9,9,2024-12-06,3,5652.51,Cash
230f783a-35e1-463d-bf30-5d13d197d192,98,32,2024-12-26,2,1748.92,Debit Card
9765e499-de80-48d8-a8cd-b42db60b8015,94,39,2025-04-10,2,3829.2,Debit Card
fe4a925d-6f65-46b5-a4e6-3789d2cd4164,73,3,2025-01-10,1,1982.67,Cash
39d0f0a9-46b3-4936-b365-b982deaf05a0,9,9,2024-10-22,1,1884.17,Cash
46ba91a6-c232-4aab-a97c-ba15faf5a7cb,1,1,2024-09-10,4,5751.52,Credit Card
56eee28e-9c2c-4056-b08b-0f0ba31d9884,65,31,2024-09-18,5,492.25,Debit Card
afaa62dd-7c91-4246-bb4c-5d288601481a,16,16,2024-11-03,2,3219.18,PayPal
8e76f6e1-b721-4b7b-94bd-2af61328cf48,16,16,2025-02-24,5,8047.95,Debit Card
37ec4d73-aeab-43cd-9828-847c1da6107b,96,29,2024-12-01,4,660.64,PayPal
f5ad78b6-4d1b-4233-ae7f-dcceb613a071,13,13,2025-04-18,1,1336.1,Cash
52844f38-b8ae-47e0-8034-d1035fc6a8a0,70,46,2025-01-23,5,5144.05,Debit Card
ff539c75-1415-48e6-8349-389cd5219670,49,49,2025-03-02,3,3084.06,Credit Card
083ec459-3b63-4eb1-aa9f-ce72e09fb9cd,67,1,2025-06-14,2,1617.76,Credit Card
4db363b0-52f6-4a87-b74a-fa45eeb46940,58,11,2024-12-16,5,7409.7,Credit Card
f6494c63-2a03-4113-9330-66753bd27903,70,46,2024-07-21,1,1028.81,Debit Card
24a205f1-515d-4d3b-acee-064f7f71f3d9,96,29,2024-09-10,3,495.48,Credit Card
ddd9833b-275e-4334-8632-15da3b1bc60f,23,23,2024-11-09,1,799.2,Cash
5686d6eb-075c-4ebc-adcf-72a2dbb0f062,33,33,2024-08-25,3,1325.58,Debit Card
a7614a3a-5855-4fde-b188-36b49ef99c8d,41,41,2025-05-01,1,980.69,Cash
f2cfbcd8-a469-40cf-b0e0-5ae1bfd0db5d,15,15,2025-05-13,1,1457.9,Credit Card
e2ab8a7b-20ea-45ad-9fc4-74d374d27709,72,25,2024-09-07,3,5178.18,Debit Card
84f796f5-0e7a-4596-9a8a-a1517857c196,19,19,2024-10-27,2,202.4,Cash
1ec71ddb-7712-4ae4-811e-e1e8d9239a19,82,40,2025-03-18,1,203.8,Credit Card
9846b82c-2f72-465e-b4cd-eda66050f7de,97,28,2025-03-16,3,1422.36,Debit Card
45808d59-b7d4-457d-a626-4f2bd856d59f,64,46,2024-08-04,4,7438.48,Debit Card
298bec0b-3be9-4ba4-9f2e-09d2d6129739,57,35,2024-11-30,1,1300.8,Cash
e12b6565-0466-4add-b1e6-de0c97930925,25,25,2024-08-25,2,3810.06,PayPal
fb2f5cf2-3999-4b59-85d6-93a95cf1adb8,84,19,2025-05-26,1,176.04,Credit Card
de2bd204-5f1d-4a04-b4a4-e4754a822b94,3,3,2025-02-22,3,3909.96,Cash
190e9cf9-b9a9-4e10-ba0a-b3911c6c38fb,35,35,2025-03-23,4,4977.16,Credit Card
95ace859-e98d-45b0-8fd5-f1b072b85b04,25,25,2024-11-14,1,1905.03,Credit Card
8fa4cdea-2f2c-4ed8-8509-3c819dc5a718,92,49,2024-11-25,2,2037.08,PayPal
f806db75-0d9a-4db8-9888-dcacae18e2cf,61,41,2025-04-29,5,1415.15,Debit Card
7167a211-8149-4641-995d-d147e6c13e91,36,36,2025-03-13,4,226.16,Credit Card
30c801aa-ca81-4f12-ac8f-982d370dcbdb,23,23,2024-09-21,4,3196.8,PayPal
3d932c36-9481-46e1-ac0c-0d730e6cde41,79,34,2024-08-27,5,286.55,Debit Card
56fac529-efbb-429b-a521-f8f238bacbe5,61,41,2025-02-15,2,566.06,Credit Card
2b0601c1-e495-47dd-820a-6267c399a797,12,12,2025-05-02,3,1506.78,PayPal
086c5b12-8c68-4d76-ba77-702a3ab1af54,55,38,2025-01-15,3,4867.74,Credit Card
3b1c3a17-fd34-4ec0-a5d8-d44152061f0b,41,41,2024-12-11,4,3922.76,Cash
92542636-ebda-43c9-a601-720f9b2b2859,65,31,2024-09-22,2,196.9,Credit Card
3b646212-99ee-472c-b665-fda33ece2d02,72,25,2025-02-11,3,5178.18,PayPal
6019f481-32f5-4460-8295-9f0bc49e3d8f,28,28,2025-03-23,5,67.0,PayPal
537d4612-ad3d-4ed4-8282-2e809b787b06,56,7,2025-04-15,3,2146.29,Debit Card
e402322b-f5a4-4802-b3b8-61b511b11a78,24,24,2025-01-14,1,1338.0,Cash
153c376d-d6cb-4324-9a7a-d7b58c6a07a2,32,32,2025-03-16,4,1936.72,Debit Card
8460ed90-6c6b-44ee-90bd-84acd3999a99,63,9,2024-08-15,2,776.38,Debit Card
892bf15f-b0ba-45e3-846d-bbc996389168,68,31,2024-11-05,2,3304.48,PayPal
5808d8f2-cf79-459f-b8fb-47c201e4ea62,72,25,2025-03-01,4,6904.24,Debit Card
5793a5d8-0e93-4d54-8343-810ceb4e3c81,43,43,2024-07-20,4,5952.52,Credit Card
ad88ed96-4efa-40ea-a1ae-1494ec4cc0de,31,31,2025-02-23,2,3497.42,Cash
ad05cd43-4b49-4615-bdfb-2f711115be40,14,14,2024-08-24,1,20.79,PayPal
d86a1d30-413b-4c78-afd4-3b01b9a6c36d,12,12,2025-02-15,5,2511.3,PayPal
4e98652b-8d13-46e6-80a7-3c31bf61bbbb,26,26,2025-04-04,2,141.08,Cash
0a6e84a1-b989-4306-878c-e21f37e45ed0,75,41,2025-01-29,4,3570.04,Cash
9edd4153-8149-453a-9b62-32a59ea1977b,40,40,2024-09-24,2,77.3,PayPal
fcb9e53b-5910-47c0-a9cb-01edc8d7c6a8,47,47,2025-01-18,5,1409.65,Cash
9a763bb3-5af4-4038-9307-b4da44971ec9,17,17,2024-11-07,5,5161.65,Debit Card
35008c5e-0eb4-472d-aa98-102fe14de416,39,39,2024-10-17,1,1845.36,Debit Card
8f89d5b8-3840-4f6e-9617-38a112ff8a8d,2,2,2025-01-31,2,772.92,PayPal
6cb3a7b4-1022-4a80-ae8c-cd4c3f4aad12,59,3,2025-05-09,4,4879.08,Cash
b415ebb3-6450-4cc2-9223-c3dbc2f779c5,83,28,2024-09-16,5,5666.75,PayPal
471c5ec9-b460-4886-8536-7c2b7ff9922b,35,35,2024-09-19,3,3732.87,PayPal
549e607f-6ade-43c8-ab43-2c4e2b66cacb,97,28,2025-06-14,2,948.24,PayPal
4520f5a2-7d78-47f5-9bb3-68996e5b261b,33,33,2025-04-29,4,1767.44,Credit Card
baacf1dd-cdf8-4536-9be9-22ebcbd0bf43,49,49,2024-06-27,1,1028.02,Credit Card
c9feafdc-733c-4a5c-a782-89f71d293147,49,49,2024-12-23,3,3084.06,Credit Card
2d68ad6b-98e9-42b0-ab32-082cd30ecba8,38,38,2024-06-25,1,1781.85,PayPal
666fbf3e-27de-407f-834c-9b781057c710,27,27,2025-06-05,1,1900.24,Credit Card
3569bfdc-70ec-4d6e-add1-dd972c00b2bc,68,31,2024-07-05,5,8261.2,PayPal
a1dc8aef-7228-424c-b69c-1b22e7d88297,17,17,2025-04-09,3,3096.99,Credit Card
8c10fd7b-e32a-42e3-94c1-1630de78ece9,70,46,2025-01-12,2,2057.62,Credit Card
310fb8a5-4043-4c2a-9a49-109082126274,97,28,2025-01-12,4,1896.48,Credit Card
00375e0e-5007-4236-8688-52b60cbb2356,17,17,2025-04-02,3,3096.99,PayPal
83b7e7e9-0cd3-4acf-a97f-4c8f8c98c969,14,14,2024-08-05,2,41.58,Cash
7d4fcdd2-2285-4444-9e9b-3f2f0ec14d30,24,24,2025-02-13,4,5352.0,Cash
00eff97e-e0b5-49ce-930b-f64d72d497f6,33,33,2024-06-23,5,2209.3,Debit Card
17e62ce5-733d-4985-9862-673ab1f6f601,47,47,2024-08-25,1,281.93,Debit Card
4fe0310f-aef6-43d3-af83-1b8350e7fa1d,75,41,2024-10-27,3,2677.53,Credit Card
3a9312ea-ef03-4156-919d-11efd51b1994,28,28,2025-03-12,3,40.2,Credit Card
625487e6-0b7f-4c4b-9125-5575dff818cb,4,4,2025-05-31,4,4317.72,Cash
d0a93841-bb21-4037-9f57-a4b748c836aa,7,7,2024-12-07,2,996.18,PayPal
fc563cf5-f649-4d88-b9f0-bdab42e61d8f,45,45,2025-02-16,4,4955.56,PayPal
89ed171b-f746-475d-bf74-1e56e0bcb110,48,48,2025-05-15,2,1225.2,Credit Card
59663c24-4d19-4935-bc34-20c039682dc7,53,9,2024-06-27,1,1441.66,PayPal
ee117def-588d-46d9-b78c-bf9f4c44e87d,48,48,2024-10-06,5,3063.0,Credit Card
64451092-33b5-4be6-bfd6-cf69ceaa2eb7,31,31,2024-07-12,1,1748.71,Cash
fe089b77-aac4-4104-a2e1-5d0363f99006,7,7,2024-12-13,2,996.18,Debit Card
ccfc3ff1-ee17-4277-954f-3ffcd0bd4758,13,13,2025-05-31,3,4008.3,Cash
6e1e6e8f-de80-4403-a775-fac28e21c20a,77,5,2024-07-11,1,1383.42,PayPal
6be9dea6-f6cf-40a0-90ae-89cfe7a539b5,84,19,2025-05-16,5,880.2,Credit Card
a77fe54e-ef38-4180-8ff3-0cea3dbf3cba,44,44,2024-08-21,4,5472.44,Credit Card
c3640c10-368b-4f1c-ad83-f535521de7fd,77,5,2025-04-02,2,2766.84,Credit Card
3c74873b-68ef-465c-a1a8-78cad3723d78,17,17,2024-10-05,3,3096.99,Credit Card
d3362ace-44f2-4b75-948f-fd2034a9b579,64,46,2024-10-30,2,3719.24,Cash
9b90990b-d41f-4973-b2f5-d00182529823,22,22,2024-06-27,2,506.98,Cash
c00cbbdd-9b40-4c3f-9bd2-31c4c26dcc52,41,41,2025-06-17,2,1961.38,Credit Card
45b0f819-854c-44cb-a80c-16b1e814f4b2,16,16,2025-05-19,4,6438.36,Cash
5bbbe0ee-3ee9-465d-833f-347c7fc14165,43,43,2024-11-10,1,1488.13,Credit Card
85fb5b4b-a999-45ee-a1d3-7d32911c936b,3,3,2024-11-23,5,6516.6,Cash
f103dfa5-15da-4377-b587-8637c41aedcc,22,22,2024-09-29,5,1267.45,Debit Card
1a2e7557-0982-4139-99af-76ec6bfd1617,37,37,2025-02-07,2,69.44,Credit Card
bed50ce4-bfe1-4f8f-bca2-9f999af3481b,13,13,2025-02-01,3,4008.3,Debit Card
92af5723-aeff-49d1-80f6-74677df827b9,94,39,2024-07-14,1,1914.6,Debit Card
1be1fdf7-b0f5-4eff-a621-78d9e15cf5cc,5,5,2024-11-26,1,388.11,Debit Card
7e5b3c6b-33f3-4101-b99d-d7df972efed6,56,7,2025-06-16,4,2861.72,PayPal
14d7f9cd-317d-4c3e-b820-dc3e2cfe303a,45,45,2024-11-10,2,2477.78,Credit Card
92bcaf63-e96c-41fd-936f-4da3aafce4ce,21,21,2024-10-16,4,3920.64,PayPal
e8642a98-47b7-41d1-9b7c-efbdd8ac93d5,100,42,2024-07-27,5,8565.25,Debit Card
32ea6d19-ac3e-4e38-acc8-dbe1f5d68500,64,46,2025-02-06,5,9298.1,Cash
2e0ec6d1-fc33-4af4-91be-e5fb55c622fd,99,50,2024-11-02,3,5279.94,PayPal
ace26d93-0b28-465d-b182-66ac04257f5f,19,19,2025-04-18,5,506.0,Credit Card
6fe31f90-8c3a-4091-9e5e-ac33fccb68ee,43,43,2024-07-21,5,7440.65,Debit Card
0427e283-d43a-4cab-8838-878e2ef69c33,43,43,2025-02-17,4,5952.52,Cash
c0ac1e88-362f-4d57-88d5-25ca050d9900,81,4,2025-01-09,2,2297.4,Cash
fff4474d-b7a2-4a20-b15e-221f75b744f0,56,7,2024-12-08,3,2146.29,PayPal
0c4bd087-98b9-47e5-845f-6503f71ad8b1,100,42,2025-01-11,1,1713.05,Debit Card
b288887f-71dd-4eb6-aa5b-0a71392dfd9d,82,40,2025-02-11,5,1019.0,Cash
15fba507-7127-4db6-83a0-c8d5fd391e73,73,3,2024-11-09,4,7930.68,Debit Card
1aa45098-e048-40be-9647-1457ef7bb2cf,100,42,2024-10-19,4,6852.2,Credit Card
e2e68e46-7bee-4a22-b4c2-1ad88d229c62,13,13,2024-11-13,2,2672.2,PayPal
f01bad75-874f-4e79-b24e-541e9a73672b,48,48,2024-12-02,5,3063.0,PayPal
2ab2625f-5785-4e81-9e0b-c0223905d7fc,77,5,2025-01-23,4,5533.68,PayPal
9bc35037-885b-46a2-99ed-c2a22b571a11,18,18,2024-12-02,1,1088.01,PayPal
1b3b0f49-9612-4dfd-89ee-d933683bce37,78,23,2025-05-17,5,7701.05,PayPal
ccae4dc6-99bc-47f3-883a-837ef6ffd85c,45,45,2025-03-17,2,2477.78,Debit Card
a1f2f135-e255-4716-8017-2d69feb95e70,83,28,2024-11-19,4,4533.4,Credit Card
f39d704d-9b27-47a2-a59f-0f44e169ed13,60,40,2024-10-09,1,996.05,Cash
e122b2a3-7f23-408d-b145-f2479b2ef7f7,19,19,2025-01-26,3,303.6,Credit Card
f125fe03-abe2-4101-9751-53cc05fa92e9,38,38,2024-12-31,5,8909.25,PayPal
b4b8d2aa-9bdb-4925-8620-15f7772e7168,4,4,2024-07-15,5,5397.15,Debit Card
d5a634d3-d278-4627-a4b4-068bd8974532,81,4,2024-12-03,5,5743.5,Debit Card
d4b53198-caab-4a01-aa33-9cbe71867d4d,20,20,2024-07-16,4,4576.44,Cash
84d10a5f-1d93-40fe-a394-d04192f85d96,8,8,2025-02-26,5,7777.45,PayPal
6a6a37ca-1c7d-4e4b-bfe0-b9cb7a1b4338,2,2,2025-03-31,4,1545.84,Debit Card
0541b496-4604-4216-b848-ea94dbf1c8c5,85,41,2024-09-09,2,1385.24,Debit Card
d901b3bc-55bc-4729-82ad-c3b342f62699,100,42,2024-09-10,3,5139.15,PayPal
1deea7d4-7dc3-4fd7-a181-7a0597c3efd6,22,22,2024-09-18,1,253.49,Credit Card
b1e23318-8515-4974-9a8a-257b9bab4de5,64,46,2025-04-16,3,5578.86,Credit Card
2e429129-9c32-4d72-a41b-02e65d6adcea,92,49,2025-05-11,5,5092.7,Credit Card
6d3ceac4-ada8-4736-b65f-7bc6416dab78,38,38,2025-01-03,2,3563.7,PayPal
8c77a320-f445-46ae-8dcf-105c506dc401,92,49,2025-01-27,1,1018.54,PayPal
52593436-a272-4ed3-9dd9-16865d228772,67,1,2024-08-12,2,1617.76,Credit Card
d2d704fd-e5f0-4bdf-99d6-812fd742ea6e,15,15,2024-08-03,2,2915.8,PayPal
a6dce0df-4124-47d4-9229-f4e4f0bd1026,8,8,2024-10-31,4,6221.96,Credit Card
6f787169-4043-4438-8d9a-18b9eafeb312,81,4,2025-02-02,2,2297.4,Credit Card
ce2426ab-5ebe-468d-84e9-67175d79a85e,79,34,2024-07-22,2,114.62,Credit Card
7d3daf33-0b00-4991-bed1-98ecae2f52d4,100,42,2024-11-16,1,1713.05,Credit Card
52ee9771-48f8-4d15-b1c5-b3c00533692b,85,41,2025-04-13,5,3463.1,Cash
d2356dc0-ca1e-4a3c-a99a-0e2abb255a3b,9,9,2025-05-05,1,1884.17,Debit Card
22d86564-0ac3-4c36-81fb-91afff2a247d,19,19,2024-08-17,2,202.4,PayPal
eab58fb8-9d4e-48a0-9804-d605b97b8f82,35,35,2024-09-10,5,6221.45,Credit Card
4f34cad5-4ab1-496d-8a4c-23aa5bf34a82,61,41,2024-12-22,5,1415.15,Debit Card
d2cb8cbd-d0ec-4a21-a98d-27bd9045e66f,85,41,2025-05-12,3,2077.86,PayPal
d5bd80ae-ba5c-4cb6-ab8e-d4331e85da75,69,43,2025-03-16,1,1316.0,Credit Card
64358ef0-95ae-465f-8041-9cc95518e8d5,23,23,2025-05-26,2,1598.4,Debit Card
1b90e225-8ce5-4909-9548-7b44fb4fac94,83,28,2025-06-15,3,3400.05,Debit Card
e071e8b3-fdc1-4a6a-a1ac-7374c3406f8f,33,33,2025-03-27,2,883.72,Debit Card
1b7abe38-c7b3-4d63-adf9-03200e8b7c72,74,5,2025-06-03,1,1030.41,Debit Card
e49cfbca-401c-4077-8332-b68230e7553b,32,32,2025-04-26,5,2420.9,Debit Card
67570663-67d5-4f74-a230-fb35ebc550db,63,9,2025-01-19,5,1940.95,Debit Card
0567d816-d71a-47c5-af82-f5a6207e73e4,22,22,2024-07-16,1,253.49,Debit Card
2d0d8037-6e41-4ced-9240-5e2822c04e6c,26,26,2025-03-07,1,70.54,PayPal
05c67e41-a0ae-46fc-9690-5c5874377ba2,78,23,2024-11-07,1,1540.21,Credit Card
9961d211-1b7a-4f93-8130-15a4858af6da,52,9,2024-12-14,2,3175.94,Cash
5346ff8e-1d25-4894-ab86-0d61c971f7e9,47,47,2024-08-27,1,281.93,Debit Card
7503fb61-38a6-4a59-b50f-78b04280b4cb,2,2,2025-04-11,1,386.46,Debit Card
58f306c8-e6d6-415a-98a7-93569f59488e,97,28,2025-06-16,2,948.24,Cash
0f844702-0f39-4052-84a2-9cadfb315cb1,77,5,2025-02-07,5,6917.1,Debit Card
783f5e2f-dc84-44cc-b948-fd619a8b3e2e,87,3,2025-06-15,2,832.72,Credit Card
5278681b-5501-4aa6-a39f-fe99e2f402c9,39,39,2024-11-28,5,9226.8,Debit Card
4a65da70-e879-4051-a8a4-a970ba52ef41,80,12,2025-03-20,2,3922.96,Debit Card
0c262839-63d9-4e23-8da1-3a7ecdc7db16,64,46,2024-09-30,2,3719.24,Credit Card
f79a647d-2ed6-46f3-97f3-eb7dfaae370c,71,2,2024-09-27,5,4648.9,Debit Card
1493f385-c462-418c-a63f-33f1af3e31df,39,39,2024-07-06,4,7381.44,Debit Card
0477a313-3c9e-46a3-a16c-5ae2185027dc,67,1,2024-09-05,5,4044.4,Cash
1eecc766-f7d3-4330-89b6-20aeb3961a12,52,9,2024-06-29,2,3175.94,Cash
b84e9454-c555-48a1-93a6-e2780b0c26fe,23,23,2025-01-10,2,1598.4,Debit Card
3a96c09d-4298-495c-9e3a-d245a22c1385,44,44,2024-12-21,3,4104.33,PayPal
960985fe-7237-4bbf-969e-f81b479b8083,26,26,2024-09-25,2,141.08,PayPal
97f1b1d7-5148-44c4-9b6d-099e4b5be41c,4,4,2024-07-14,1,1079.43,PayPal
2cf01e8e-4e98-48bc-982a-9fbba5e3f08a,86,38,2024-12-30,2,2754.76,Cash
c1b811ad-688f-4bc6-ad91-1a4f305f2ae3,50,50,2025-03-04,3,5472.66,Debit Card
0f24a592-01e5-4ca2-99f0-ffab44f60832,8,8,2025-02-06,4,6221.96,PayPal
1ea702a9-64b0-434e-9cd0-ce5e35686400,58,11,2024-12-01,3,4445.82,Cash
d1bd7950-0ebb-493a-8d4e-53b65483a8e3,57,35,2024-11-16,2,2601.6,PayPal
43948e7f-d1c9-4398-8565-f9e59e3849c7,85,41,2024-09-29,4,2770.48,Credit Card
94e3a489-0aa1-4685-8864-cb9e6b1a0764,59,3,2025-05-14,5,6098.85,Credit Card
bfae1778-5bb9-4229-a5c8-e725f361bedc,35,35,2025-06-08,2,2488.58,PayPal
44bdf72c-b725-4370-8f19-e206f2a8d982,26,26,2025-06-14,5,352.7,Cash
3352c936-8a84-4ed3-ab24-dc9a3d5385fa,76,12,2025-04-07,4,3191.96,Debit Card
804757c5-5744-4056-bceb-fc96081cc4dd,80,12,2025-06-09,2,3922.96,Credit Card
9456aa57-f5f8-41a3-bb33-4cd1498937d8,51,34,2024-07-02,2,388.94,Credit Card
355bb2c6-8b55-4cbe-b5d7-957b2c9dd068,91,11,2024-07-09,2,1591.38,Credit Card
4d8bfb81-d00c-4ba8-8dd6-7eb3d2d90b57,24,24,2024-10-17,4,5352.0,Debit Card
b3f7a382-83ac-4469-bc35-184904ff0c72,23,23,2024-11-24,2,1598.4,Credit Card
c3805dc0-3ca3-4228-9f06-d1de47234913,35,35,2024-10-18,3,3732.87,Cash
ed264e9b-f3c6-42b1-a6dd-fdd483b7712e,69,43,2024-09-08,4,5264.0,Credit Card
d5cb3801-15f4-48e4-8acd-24875ae09da6,77,5,2025-03-31,1,1383.42,Debit Card
ffd2f472-89c7-431d-bc54-e7247f911791,16,16,2025-06-05,1,1609.59,Cash
2bdd71a5-d94c-464d-a613-2d6b34cbf091,94,39,2024-11-03,3,5743.8,PayPal
3c6326f0-98c1-4f35-9d02-0d815d6ced84,2,2,2024-10-02,4,1545.84,Debit Card
8f097d84-1ecb-42cc-9bf4-ffeec510fb3d,9,9,2024-07-16,5,9420.85,Debit Card
2c445df1-4db0-4f05-89ea-1dbf2d2eab84,19,19,2025-05-20,3,303.6,Credit Card
782fccf1-961e-4b7d-bb7a-1baf2c86ad10,71,2,2025-01-08,2,1859.56,Debit Card
426cd4cf-8c16-4fc8-89a1-f95bb34769d9,23,23,2025-02-07,2,1598.4,PayPal
1033a66a-9a08-482e-9e0f-48d0e70e28be,78,23,2024-09-29,4,6160.84,Cash
7fc1ef06-a689-4d57-acf6-0bbe8a2b37c1,54,8,2025-06-15,3,3367.14,PayPal
0edc6401-00bd-4781-a583-bdbec648a472,59,3,2025-03-13,1,1219.77,PayPal
721dd6cb-bb11-4b59-a786-48bde9fdb4a1,57,35,2024-11-16,1,1300.8,PayPal
69b81a6a-d685-4b97-98ec-2d6eff970c48,60,40,2024-11-02,2,1992.1,Debit Card
f1fe5fc9-5f2a-4b50-9c23-259012bca966,74,5,2025-02-13,5,5152.05,PayPal
be54a090-186f-42e5-bc08-f7371bb60be5,47,47,2025-02-17,4,1127.72,Credit Card
19fd5e40-1103-444b-bb12-07c3e0b1e285,68,31,2025-03-10,3,4956.72,Credit Card
b3d3c4f0-40f1-4060-a8d1-a099772cda0a,22,22,2024-12-31,5,1267.45,PayPal
5e0a9fbe-fb18-4bee-8cea-5d8dd95599c5,30,30,2025-02-26,1,1981.17,Credit Card
d71cc8a1-508a-4356-8b00-fd84f3217959,88,41,2024-11-15,3,5527.44,Credit Card
df297e8e-df4c-429c-87c9-fc78915f715c,7,7,2025-01-09,5,2490.45,PayPal
bfde2b72-f2ae-4dc0-8c9a-cb665df7924e,45,45,2024-08-13,3,3716.67,Cash
4b266a2b-c1ba-4e77-bcac-dbacbfab6979,51,34,2025-03-04,3,583.41,Debit Card
61ecbb8c-880a-4c63-b559-c682ba513501,31,31,2024-12-02,4,6994.84,PayPal
08d87b95-31cd-44c6-ad80-1fb0a62a7204,92,49,2024-08-11,4,4074.16,Debit Card
cce578d4-ce5a-44a7-82fc-eaffc3526822,65,31,2024-12-20,2,196.9,PayPal
6d4a1bbe-9727-45e9-95f8-f48aab920398,3,3,2025-04-02,5,6516.6,Credit Card
41076fbf-fc42-4e8a-8a6f-d64b3dc60059,63,9,2024-07-06,3,1164.57,Cash
fa679c1c-58ba-4c53-9e28-90c9f9f83b7e,41,41,2025-02-22,2,1961.38,Debit Card
fa2eec6a-f4f3-49a8-91a8-2a8deac990e1,71,2,2025-01-02,4,3719.12,PayPal
fdc69e61-ecf9-4026-a79b-b3b5c34d2f56,35,35,2024-11-20,1,1244.29,Debit Card
4704cc1b-8ab4-40d4-81cf-346f9cc89195,54,8,2025-01-27,3,3367.14,Debit Card
9998b9f4-45c8-4ab3-a38b-de57daa72737,54,8,2025-02-23,3,3367.14,Cash
b18e3947-2ec4-4f01-84a0-693826df5bbd,58,11,2024-09-28,5,7409.7,Cash
1e58fc13-ce66-470f-bfba-7e526eca763e,68,31,2024-09-16,3,4956.72,Debit Card
2429aad4-19c3-43dc-bdb4-d7ed8f96a108,92,49,2024-11-05,2,2037.08,PayPal
c5c46ff1-4e89-4277-ba8a-4ef515a8caa9,87,3,2025-02-22,2,832.72,Cash
fb954c34-a31b-4975-934f-49d97103d027,89,24,2024-08-24,2,2621.12,Credit Card
8f887b16-1e14-49df-8a72-55cb708bb4d5,49,49,2024-07-21,3,3084.06,Debit Card
f4c457a9-f354-41be-ba7d-9f0f525ada4a,39,39,2025-01-18,4,7381.44,Debit Card
4451d38e-990e-4e89-82f7-c612cf660730,65,31,2024-07-07,5,492.25,PayPal
a95b51da-5328-4722-8fea-a138d2477744,67,1,2025-04-12,5,4044.4,PayPal
0f91675f-e17e-46ca-a520-4fc1ceb2baae,25,25,2024-10-12,3,5715.09,Debit Card
108b805c-733a-4278-bff4-91ff76004377,100,42,2024-07-12,3,5139.15,Cash
18bb91a4-1d37-4f07-b480-451bf6c5c4fd,30,30,2024-08-09,2,3962.34,Credit Card
2093bf07-40ce-424b-ab7f-fc60bb84d96b,58,11,2024-07-19,3,4445.82,Cash
bf7e7600-ac68-48c4-b6eb-1a86f41d6437,62,1,2024-08-01,5,9988.25,Debit Card
b9e6a575-9f1b-44e6-a161-1407f9ed5b8b,7,7,2024-07-17,5,2490.45,Cash
e3f110c0-a39e-4053-a0d4-2ecafeec521d,29,29,2025-01-05,2,2387.0,Cash
ada44df7-ae31-4f34-bd57-fbaaccdd4fbf,93,15,2025-01-17,3,371.82,PayPal
2b6cde3d-e0f5-46da-9185-63a553fa0b91,18,18,2025-01-08,3,3264.03,Credit Card
5f65b7ce-3a84-4094-bfd9-50cb313ded8f,60,40,2025-03-06,3,2988.15,Debit Card
3ec6e3ca-1bac-439d-bbaf-80534797d694,87,3,2025-05-16,4,1665.44,Cash
824dddf1-161f-4c1e-af78-718eccd9bac7,77,5,2024-12-06,4,5533.68,Credit Card
6adb9cb9-baab-41cb-a7c7-acfa85303672,36,36,2024-07-06,4,226.16,Credit Card
4c118865-2b67-4830-b18e-3e233a93f5f8,86,38,2025-05-12,1,1377.38,PayPal
2b6cdb94-840e-49c1-a353-dcd05c4ecae6,67,1,2025-02-08,3,2426.64,PayPal
e283fb9e-4c17-404e-8150-c61a3d2098e4,40,40,2025-01-01,3,115.95,PayPal
9540f7b5-5cb2-4429-af52-1f5324e4763f,69,43,2024-11-25,4,5264.0,PayPal
89459bae-b381-4a3c-b759-d5c1cebe7318,73,3,2025-05-29,1,1982.67,Credit Card
7d533205-7a2f-4edd-8897-238e1d69a8cd,81,4,2025-05-17,1,1148.7,PayPal
c1cca19a-7812-4c0b-a4d8-b25376c019ad,26,26,2025-02-12,1,70.54,Debit Card
c1c7e9b2-edc0-432c-a799-fb7b67ebf059,22,22,2025-01-25,5,1267.45,Cash
06efd928-69a0-4ce6-acaf-6a0dbe9ea2ea,84,19,2025-05-09,5,880.2,Debit Card
fe5a3e91-75bc-44fc-9a4b-62226883999e,38,38,2025-03-30,2,3563.7,Cash
704454f4-caa2-49a1-abf7-79cc1476f5b9,54,8,2024-10-01,1,1122.38,Cash
b8709873-6fb0-4b10-8ea3-5be649ec56f6,82,40,2025-02-03,2,407.6,Cash
c6a31b6d-d365-4754-a586-c09ed182f8ac,88,41,2024-08-30,4,7369.92,PayPal
c165c05d-4498-4e10-bac4-5766de2db037,75,41,2024-10-05,5,4462.55,PayPal
3c8a9776-581e-4fbf-a090-aeb13fa157c1,100,42,2025-05-23,3,5139.15,Credit Card
08622ae5-e39f-4502-8314-1cf5c7efebdf,95,9,2025-04-06,2,1838.8,Debit Card
7995ce3b-5690-4011-96d8-ced4e9a33c86,95,9,2024-06-22,2,1838.8,Debit Card
e48f06e1-33dd-4a6b-bea7-da07e5d0ea4f,35,35,2025-02-20,4,4977.16,Cash
9104d70e-a9cb-4b2b-b915-e47b4bef4c96,72,25,2025-01-01,3,5178.18,Debit Card
4a2f12a0-fe69-4c3e-ae68-f9918816f41f,10,10,2025-04-12,3,2306.61,Debit Card
1f64b4eb-6e2b-45ec-bc67-86b2555b96f4,16,16,2024-08-01,4,6438.36,Debit Card
b95afc77-9889-46eb-8576-747c793b10f6,43,43,2024-10-07,3,4464.39,PayPal
c1942a52-ff4b-4e53-a623-1f416fead743,100,42,2024-08-17,4,6852.2,Credit Card
8e88a755-7e18-47be-8252-a338aff0c8e2,43,43,2024-11-23,1,1488.13,Cash
12d14302-be9c-41d3-83b8-1396bb077090,32,32,2025-05-10,5,2420.9,Debit Card
e0ee3e60-a90f-4e1f-bde0-c33ec721b0ba,92,49,2024-06-22,5,5092.7,Cash
bfc9fb34-eb1b-48e5-9a52-d00f306d688a,2,2,2024-07-10,3,1159.38,Debit Card
ecd501fc-694f-4d80-8bed-6d94d2e17436,18,18,2024-11-26,2,2176.02,Debit Card
41b3fa45-efb9-469b-9d50-1ae8bee8c97c,28,28,2025-06-05,5,67.0,PayPal
32530b32-bacd-463c-af16-a6a1c3e0f1ea,5,5,2025-03-03,1,388.11,Credit Card
532ac639-79a1-4b33-8c8e-f1a760cae16b,75,41,2025-05-27,5,4462.55,Cash
c9033272-894d-4a97-8095-0e6e3d931a71,72,25,2025-03-29,2,3452.12,Debit Card
e7d70f93-2e3e-4307-aa69-dd2cb179ff19,29,29,2024-10-26,4,4774.0,Debit Card
548a46aa-85ee-4e9d-a165-65a7bd0e7c7c,65,31,2025-05-01,1,98.45,PayPal
c6f7716d-c9c2-4788-b0d1-b0dc193c89f9,37,37,2025-05-13,1,34.72,Debit Card
d7451b82-2835-481c-9719-bf51a98c5362,78,23,2024-06-27,4,6160.84,Debit Card
5d56d98c-3e02-4d41-8ae6-274d85cc2747,1,1,2025-04-18,4,5751.52,Credit Card
b25ca7aa-6f4b-4adb-81ac-42ba1d086a2a,11,11,2025-03-31,2,3712.52,PayPal
ae45e826-5253-402f-b90f-829858a242cd,76,12,2025-06-06,5,3989.95,Debit Card
6fafbce0-4db2-4d2f-a89b-203c142c6377,1,1,2025-05-26,4,5751.52,Cash
2bedb440-a83b-4071-8ff4-74ef818f606b,59,3,2025-03-11,4,4879.08,Cash
a0bafe72-ddf7-419f-81e6-f43e34ba4745,47,47,2025-02-25,3,845.79,Cash
c007985a-3e18-4dd7-a8f1-1d475608600c,43,43,2024-09-26,3,4464.39,Debit Card
86344d8e-3ae1-4f60-9ba8-d4d7c9f06672,75,41,2025-01-28,1,892.51,Debit Card
d54cc3f0-cec6-417d-aa33-19a33fd2bcd4,78,23,2024-10-20,5,7701.05,PayPal
384444b3-b6ab-4e9f-90c2-ce12138ad03c,53,9,2024-07-20,3,4324.98,Debit Card
9cae0e0a-3155-47bc-bb7c-3020e4fb1d3c,34,34,2024-07-31,4,7980.36,Cash
a949c48d-6160-48d7-b326-da9cba4cdf6e,78,23,2024-08-22,1,1540.21,PayPal
cacc0cc7-f7be-45cb-8165-45f3b0541b24,25,25,2025-04-15,1,1905.03,PayPal
fec4247d-70cd-4faa-8b57-41301be45e45,85,41,2024-08-08,2,1385.24,Debit Card
cc86f7f7-9b9f-4cf8-9b41-8f17e7a1ee97,36,36,2025-04-26,5,282.7,PayPal
884edcc2-c5fe-4285-ad3a-1de7f7c36f45,58,11,2024-12-02,4,5927.76,PayPal
d9a28d2e-b745-4b40-b0ea-3da901f7b84e,30,30,2024-08-05,2,3962.34,Debit Card
f87d2da8-a3e7-4c14-b93b-cddd8eae05f0,94,39,2024-06-26,5,9573.0,PayPal
87d2918e-a08f-4eb6-93fc-48c8ed5373c6,81,4,2024-10-26,2,2297.4,PayPal
534db98b-fb28-4443-928f-f04737b37537,46,46,2025-03-21,4,76.64,PayPal
0008c6e1-2571-4812-8452-44f59e8de1e7,32,32,2025-05-16,2,968.36,Cash
e8b32391-5841-486b-a453-0c696ef07f23,70,46,2024-07-08,3,3086.43,Debit Card
aec1246c-1b80-4f38-87d5-1067d275242f,97,28,2024-12-03,4,1896.48,Debit Card
c5973409-3a35-44a1-b124-0e4add8e76a5,31,31,2024-12-13,1,1748.71,PayPal
84a30d04-1429-40bf-85bc-3471ce90985f,54,8,2025-03-31,2,2244.76,Cash
e1313b51-b7b5-4370-b887-e05985082b20,46,46,2024-09-02,3,57.48,Debit Card
def4c9b5-4a0c-4c92-989b-baa6b6802e72,4,4,2025-06-09,1,1079.43,PayPal
75f3457b-334e-4090-aecc-1a0d08b3aacd,48,48,2024-08-17,3,1837.8,Cash
991158ed-a148-4c69-a104-dcf52e8eff48,38,38,2025-01-27,5,8909.25,PayPal
b09a6538-4f73-4b18-945d-8bf5468c066c,34,34,2024-12-21,5,9975.45,Debit Card
e57305b8-43ea-4679-a947-73010d670513,44,44,2024-09-02,4,5472.44,Cash
a58f8dd5-21a0-4d7c-bfa5-28c59853a254,39,39,2025-05-19,2,3690.72,Cash
ac624f00-8b90-4019-985c-94e10cb49139,18,18,2025-04-28,5,5440.05,Debit Card
52b88b85-57b5-4d7d-ad45-94428a6e9f82,32,32,2025-01-02,4,1936.72,Debit Card
505a400d-8209-44c2-870d-47675f298de1,78,23,2025-05-16,1,1540.21,Debit Card
bc6a0234-0b7b-49a2-addc-a038881c478e,55,38,2024-06-25,1,1622.58,Credit Card
f383a905-4233-4b14-81a6-ecbc6884b4f9,87,3,2024-11-10,2,832.72,Cash
e3bc5f9d-1a90-4684-94ed-f2900697d698,39,39,2025-04-23,3,5536.08,Debit Card
0632a137-2446-4fcf-a078-aab541881727,98,32,2025-05-29,5,4372.3,Cash
60daf52e-e850-411e-bee0-f83923ff9ed8,42,42,2024-11-13,5,5833.2,PayPal
9d3f28c6-467d-497e-9ed5-3e6b903a48a2,11,11,2025-05-25,3,5568.78,Credit Card
3381739a-9169-445b-b740-a88653c521fb,33,33,2024-08-25,1,441.86,PayPal
5ea203be-5221-46e5-aebf-934baf6f06aa,1,1,2024-11-26,5,7189.4,Cash
64fa39fe-39e7-49c6-9b53-5a9e5fafbec8,35,35,2025-06-01,2,2488.58,PayPal
6161e11e-c4fb-4665-9b3e-cbf07093e626,9,9,2024-07-05,3,5652.51,PayPal
05878530-7ea3-4487-9fe1-31d5954394d3,55,38,2025-02-04,1,1622.58,PayPal
145e6a25-3685-4f1e-9bbc-95f3bb0426e1,11,11,2024-12-26,4,7425.04,Cash
3e7f1be4-eebc-482f-8582-5955c6df29a0,99,50,2024-11-02,5,8799.9,Cash
8d8e586f-053a-4f16-b4b1-273600a9d306,32,32,2024-09-17,4,1936.72,Debit Card
4e762814-ae59-4db7-9f16-ce9c93c5b2ae,74,5,2024-10-20,3,3091.23,PayPal
c2753cef-053f-4853-bb8d-f2370418c9d7,11,11,2025-02-26,3,5568.78,Debit Card
f47bdc13-721c-44dc-b619-2b470647cd37,63,9,2025-02-18,3,1164.57,PayPal
182526f1-b50d-4093-ba32-d735ab8add7e,83,28,2025-06-15,5,5666.75,Cash
ff6760a9-11e4-4fb6-9849-9317861a4b72,45,45,2024-08-17,1,1238.89,Debit Card
fe37c2aa-d530-4fbf-8e10-5310b594ae3a,36,36,2024-12-19,3,169.62,Cash
f2865aa5-e380-4d27-9000-07f0e5477b38,100,42,2025-04-13,5,8565.25,Credit Card
59902aad-c17a-4fcf-ba5a-4c5b2480e3ac,6,6,2025-02-21,1,1693.9,Credit Card
d3757f56-0d0b-49ad-bd57-f373426d80ce,55,38,2024-08-23,4,6490.32,PayPal
64f646c4-e185-42c9-ba57-1ae61692dc35,11,11,2025-04-13,2,3712.52,Debit Card
27432311-3d12-4375-9bcf-4ec28caf97e4,31,31,2024-10-03,3,5246.13,Debit Card
653a6fb2-649b-47fb-b6e0-58a19035005b,79,34,2024-10-05,2,114.62,Credit Card
50fba79b-69f1-4b06-8e8e-cc8b2dce785e,70,46,2025-01-21,2,2057.62,Credit Card
93c35cee-0484-4867-abe9-2cddd04ec957,69,43,2025-03-29,3,3948.0,Debit Card
7357dc0e-3ee4-4b18-adb1-bd5a987664d4,99,50,2024-08-29,1,1759.98,Credit Card
083d6c96-b21b-4a5e-b793-5531bed6324b,46,46,2024-11-26,3,57.48,Credit Card
0acfe1c4-561f-4b00-8a4d-140597c31c5c,82,40,2025-06-03,4,815.2,Cash
113955f7-c38a-48c6-bc36-6689c0f733f5,56,7,2025-04-29,3,2146.29,Debit Card
b91f6744-2c07-4e0e-806b-dc18ee130d17,64,46,2025-05-30,3,5578.86,PayPal
0d1d40a9-40f1-4173-a092-d8deb25c3c30,81,4,2025-01-23,1,1148.7,Cash
769b3ea8-39d8-4d44-9bb2-bbd245e5e200,6,6,2024-10-16,1,1693.9,Credit Card
cf0afcc5-4495-48e2-acfe-1f8b65ebb66a,12,12,2025-05-02,2,1004.52,Cash
c77a064a-77fc-46e5-958f-c7c6f0ee3841,36,36,2024-10-04,4,226.16,Credit Card
b620c8ca-330b-4e17-b1b4-384b3f971103,96,29,2025-02-23,3,495.48,Debit Card
49381a6e-4acc-4b3e-83a4-d52a3af39667,29,29,2025-01-26,1,1193.5,Cash
2b93042c-57c5-4587-9e85-be7ba9d79002,44,44,2025-04-26,3,4104.33,Credit Card
76be8d21-258b-489b-966e-d5d84f48583e,8,8,2024-11-26,4,6221.96,Credit Card
2baba2d3-4d49-46f9-9daf-66bd77e2caa0,80,12,2024-11-24,2,3922.96,PayPal
0326b636-15a5-4d8c-9355-53b8c732c6b9,33,33,2024-12-02,2,883.72,Debit Card
d63a44fa-8769-417d-b36d-c44f8de14dde,80,12,2025-05-06,3,5884.44,Debit Card
6a8d0b6e-fa70-4096-a3c7-75c5b9983708,10,10,2025-03-08,3,2306.61,Debit Card
fa7348ac-8452-48d6-948b-c822b6e268d1,51,34,2024-11-11,5,972.35,Cash
92fb3267-d892-437d-8198-7426ce435ae4,85,41,2025-05-31,1,692.62,PayPal
1f6e2946-1ede-441d-9d21-258caf274150,34,34,2024-08-03,5,9975.45,Credit Card
375860d4-d168-4f3b-a0d1-d878a12af166,67,1,2024-12-28,5,4044.4,Debit Card
04c9c645-0a01-4599-9124-69dc61322b08,31,31,2025-02-18,3,5246.13,Credit Card
ad6250c3-6a84-4d02-af22-29811162672c,90,36,2024-12-20,5,5870.3,Debit Card
090a7b4d-99d7-44b9-ac0c-9f1c7232ab40,40,40,2025-03-05,2,77.3,Cash
a4659cd3-3806-4d3f-be45-b7c454fff1c0,99,50,2024-06-19,4,7039.92,Debit Card
e99ceefe-3c1e-440b-ad35-87e880326638,4,4,2025-03-19,5,5397.15,PayPal
7451006c-c1af-4414-9d32-3ea88371231c,75,41,2025-03-26,5,4462.55,Credit Card
0e218f63-f62a-4e8d-8b33-b2a4a516e809,97,28,2025-03-30,4,1896.48,Credit Card
7aa2a282-4f98-4677-a362-74e8640ba430,93,15,2024-12-08,2,247.88,Credit Card
ae06c4e8-7183-4966-9696-df5e528520d3,94,39,2024-11-15,4,7658.4,PayPal
61450227-b936-4a17-bd93-144b6831c52f,18,18,2024-08-05,5,5440.05,Credit Card
d71342bd-9b7c-47a2-aff8-8c45281846fc,31,31,2025-04-09,1,1748.71,PayPal
48421b38-08dd-4c85-bd8f-b96bf6464907,79,34,2024-08-26,2,114.62,Cash
8039a6e5-187f-4411-97aa-b1b01028bb28,89,24,2024-10-26,5,6552.8,PayPal
6562bfbe-f480-4505-8a26-133a7e5e6bed,55,38,2025-04-23,4,6490.32,Debit Card
d4af61f4-36ba-41d7-8156-68fcb64278b5,25,25,2024-09-08,5,9525.15,PayPal
3b29c886-ae00-4c7b-9dad-4425d3358025,88,41,2024-11-21,1,1842.48,Credit Card
fabc8222-484b-448f-a3ce-434d243baa37,14,14,2024-12-25,2,41.58,PayPal
6e1a59c5-dc65-4721-bf4e-0ffd45846109,82,40,2025-01-22,4,815.2,Debit Card
87b78761-9691-4b88-aad3-ba7980116046,81,4,2025-06-17,1,1148.7,Cash
8dc2066a-83bd-4057-b202-78519e98e0d8,66,17,2025-05-26,4,4985.96,Cash
a5daeb43-1943-4e87-8b7f-520e9153f9e9,39,39,2024-08-30,3,5536.08,Debit Card
7734dd90-4dd6-4071-be64-790db2c98398,85,41,2025-05-05,2,1385.24,Cash
5d070eec-4d06-46c4-9e8b-80d918cf9df3,30,30,2025-04-24,4,7924.68,Credit Card
679a5bfb-92db-473a-8bee-cc03037dd6a3,23,23,2025-01-30,3,2397.6,Credit Card
1912c47b-b9f6-4707-83d8-0abd75098e0d,53,9,2024-11-25,5,7208.3,Debit Card
f77f982a-0efe-476e-b689-981bb35a3bfc,81,4,2025-03-06,5,5743.5,PayPal
6ce04c59-e289-4712-9af1-858ab764a346,94,39,2024-08-21,1,1914.6,Debit Card
48adb36a-5003-410e-8e6f-bf6607b8c1bc,55,38,2024-06-23,3,4867.74,Cash
73c9c50a-4dbb-41c0-a265-983c75ccb072,95,9,2025-03-06,4,3677.6,PayPal
fa714f66-8308-4540-a12f-ea42d829d090,51,34,2025-01-11,5,972.35,PayPal
333c74b0-304a-4973-b63f-ce117785f69a,83,28,2025-05-23,3,3400.05,PayPal
03f5b8c7-7b2d-485d-9f78-72b8818cbc3c,75,41,2025-04-29,2,1785.02,Cash
ba79cf4e-51ad-462a-aad4-3c4f8ce94f59,60,40,2024-11-01,5,4980.25,Credit Card
c8d31d51-6f95-409c-9d48-d45b985ee2e8,37,37,2025-06-15,2,69.44,Cash
f9064056-a591-401f-aa58-9111aff198aa,48,48,2025-01-23,2,1225.2,Cash
24581345-c355-47b7-b031-fd70a76ddfab,29,29,2025-01-16,4,4774.0,PayPal
ad033c5f-52ff-4b35-a081-bf631b286efc,15,15,2024-08-10,5,7289.5,Cash
ea985f1b-790c-4560-a82a-ab2c585c699f,21,21,2024-11-29,1,980.16,PayPal
c9cbcb57-31cd-4e1a-9ba7-0bce79510e14,96,29,2024-07-15,3,495.48,Cash
811ebe6c-407c-4019-961b-f5ea44523854,15,15,2025-02-05,3,4373.7,Credit Card
aee7cc4c-9f6e-4502-971c-6398ac32030c,47,47,2024-09-30,5,1409.65,Cash
f21280a8-d8fa-4d67-ba1a-a0ea1673c347,35,35,2025-03-12,1,1244.29,Debit Card
c7ae034c-33d4-4255-bb65-dadd6db63846,4,4,2024-12-01,5,5397.15,Debit Card
59a6a8cd-f7fb-42a8-9ff4-06f34e66c116,92,49,2024-12-30,5,5092.7,Cash
529d1e4e-2051-403e-a2d2-1289a7bc93ab,29,29,2024-08-15,5,5967.5,Credit Card
3391a0f5-d41e-49f3-847a-1561bc37ede6,49,49,2025-03-29,2,2056.04,PayPal
58559bb4-9e63-4458-b389-b732a3b7ebbf,13,13,2025-03-02,3,4008.3,Debit Card
dc408ef1-d671-4e25-bf83-cdf8054a2404,27,27,2024-08-25,5,9501.2,Credit Card
2856f178-5541-46b6-bce4-3f91bc63578d,51,34,2025-03-28,4,777.88,Cash
94f5e6d5-ab4a-4be9-bc77-85dc68b9a256,89,24,2025-02-26,2,2621.12,Debit Card
74aa9443-6e3e-457c-9ee8-5b2276b731b1,43,43,2025-04-07,2,2976.26,Cash
34e01a68-0997-4be1-8476-cc7b2c21a855,99,50,2024-11-10,5,8799.9,PayPal
f2ba3df0-5524-4c43-b083-eb0ccd8bdc8a,10,10,2024-12-24,2,1537.74,Debit Card
fb4aa334-a0aa-4176-963e-d1273f6310df,64,46,2025-02-14,4,7438.48,Cash
985e63fb-02a6-4497-8d66-a3468bfc1409,66,17,2024-10-21,3,3739.47,Debit Card
f29048ad-d62c-4cf0-95ce-8e0f13a2681a,95,9,2025-03-12,1,919.4,Credit Card
d5b2e4f1-84d0-4697-8afd-40531355f371,35,35,2025-01-31,4,4977.16,Cash
9443f8fc-a418-4e3b-a8c3-25d8695bf3cc,88,41,2024-08-09,1,1842.48,PayPal
ecc9ff62-2252-411d-8ec8-b56c9843cfa9,20,20,2024-12-05,2,2288.22,Credit Card
38d511a5-dde4-407b-b550-6bb9a411e869,99,50,2025-03-30,4,7039.92,Debit Card
3d94c666-9fe7-45a4-9bbe-c2fe849a1bb4,31,31,2024-07-03,4,6994.84,Debit Card
e2394112-3561-41e3-98f2-48c7891d1b34,60,40,2025-05-14,2,1992.1,Cash
b447adb5-20ac-4ed7-a5e8-c611aea2ef53,78,23,2024-06-25,4,6160.84,Cash
73ccc216-806e-4150-b7d3-f976ed475eb3,4,4,2025-04-04,5,5397.15,Credit Card
251bb048-3491-4a6b-9386-9f04281a52f1,95,9,2025-05-31,2,1838.8,Credit Card
dc958c20-c8c7-4c04-b428-54292a6c0a5c,89,24,2024-10-26,1,1310.56,Debit Card
e3a326de-72da-4f0d-a48d-1c9ecbf9822f,3,3,2024-11-19,3,3909.96,PayPal
2059f9bd-0bf2-45dd-9579-c564ff21d226,62,1,2024-11-10,4,7990.6,Cash
8be43bb7-fbae-4bf1-a1fc-4142a769f7e6,57,35,2024-11-02,1,1300.8,PayPal
7e2d9385-09a4-4fda-a171-0bbe5486539f,75,41,2025-06-11,2,1785.02,Cash
0af526f3-79d8-4e81-9e92-05d614d567e5,29,29,2024-09-02,3,3580.5,PayPal
26582b44-2945-4489-ace1-5bc91c82a173,32,32,2025-05-23,4,1936.72,Debit Card
fa059a84-a8ff-4094-9886-d1542358709f,55,38,2025-04-14,1,1622.58,Cash
4a8d3af2-449b-4772-a9df-dfb059d20037,38,38,2024-08-01,2,3563.7,Cash
fa56eb8f-546f-4c2c-9ccf-944adc808545,80,12,2024-12-17,4,7845.92,Cash
d7516304-9660-4cc7-8de2-fd59d4091604,49,49,2024-11-09,4,4112.08,Debit Card
becf7d72-83a1-4e98-b1ad-08ec43a7656b,90,36,2024-06-24,2,2348.12,PayPal
a5e42f82-e38e-46ca-bb05-d8b7691abe85,83,28,2024-07-29,1,1133.35,Debit Card
dc959116-ed42-4492-963a-64a39da19f01,95,9,2025-03-21,4,3677.6,Credit Card
5ee8f14a-5a6e-4b99-b299-dc7790882fc4,77,5,2024-12-08,1,1383.42,Debit Card
c1214ddd-c77f-41e9-b46d-ae03244a247d,95,9,2024-07-02,5,4597.0,Debit Card
e6becac8-5fe5-45c8-bb33-44e6cfa44cd6,57,35,2025-04-06,2,2601.6,Cash
249a2ab2-d395-4d05-a64a-2498fe565ac3,66,17,2025-01-05,1,1246.49,PayPal
ef16d115-948e-4cb5-a74f-dd8a7cc235ee,73,3,2024-07-26,2,3965.34,Cash
31af1352-a1fc-4ab0-aa38-53c7eef533be,100,42,2024-11-12,1,1713.05,PayPal
56685e55-bc81-4555-8f84-ad85bea1258c,47,47,2024-07-11,4,1127.72,Cash
9d10d7f6-e6aa-4fba-98db-f6e6d4e7b5f0,62,1,2024-08-22,2,3995.3,Debit Card
24b513d8-603f-47ba-9b91-7c922ed8bfca,22,22,2024-07-26,4,1013.96,Cash
bfb5ab6f-f18c-47ca-9128-9b75d2254f59,5,5,2024-06-25,2,776.22,Credit Card
34c7ee44-01d8-4c0b-bac8-7af2718d101b,14,14,2025-05-06,2,41.58,Credit Card
6b88ba8f-0f71-4661-8ae9-9467d24a378a,89,24,2025-01-15,2,2621.12,PayPal
ea7cd740-484a-4c9a-b34c-93e7c8ab78f5,12,12,2024-10-20,3,1506.78,Credit Card
081f5c16-75cd-437e-a179-bda173495026,88,41,2024-10-09,4,7369.92,Debit Card
72454c06-c2cb-4f5f-9ede-1e46071b2350,72,25,2025-01-15,4,6904.24,Debit Card
5460625c-67d5-4f92-870d-b8cb4e57f191,41,41,2025-06-11,2,1961.38,Debit Card
f334cf1f-cac7-4a7c-a54f-9df6da89fb66,54,8,2025-01-24,4,4489.52,Cash
3098b554-203d-42bb-8bff-583d38bdd4ff,57,35,2024-10-11,4,5203.2,PayPal
51834054-e974-42e4-b443-254a132a31e6,41,41,2024-12-11,4,3922.76,PayPal
79221557-b0c0-4dfe-be65-741dce324c54,34,34,2025-05-20,5,9975.45,Credit Card
84e755b4-af65-4d9c-919b-3aecb13f47aa,21,21,2024-10-27,1,980.16,Credit Card
4051eaf9-5f49-4964-a567-f378228a9186,46,46,2025-05-06,1,19.16,Cash
20732f1c-2e8c-4ba3-8ced-e627ed44d652,42,42,2024-10-16,2,2333.28,Debit Card
41027d8a-8444-49ea-b0c6-0f1dec28fd09,41,41,2025-02-08,1,980.69,Credit Card
f04b159c-257a-45ca-adce-587019f4fd73,70,46,2024-09-21,4,4115.24,PayPal
c6dfe242-5293-4b5a-a4d6-ee0cbc03b242,31,31,2024-12-03,5,8743.55,PayPal
cbee040c-ace4-43b5-8019-7310ff629884,72,25,2024-07-12,1,1726.06,Cash
d484d87b-df32-407b-9aa7-d60e82577ec8,8,8,2025-06-18,2,3110.98,Credit Card
4e8063b2-5b85-4e06-872a-6d3353fc8f86,76,12,2025-05-02,1,797.99,Credit Card
e2f57272-ed9c-4a0c-96e4-6bf597cf6fba,16,16,2024-08-02,1,1609.59,Cash
ba8cf967-11ac-43c4-a174-6175c6359bf4,100,42,2024-07-20,3,5139.15,PayPal
16ddef72-c7b9-4ca0-8279-c1971a431141,1,1,2024-12-07,2,2875.76,PayPal
42c460d6-646b-466d-9d2d-a37273448f24,89,24,2024-08-27,1,1310.56,Debit Card
2a052169-1aed-4901-845d-03550b5be7fb,30,30,2024-12-03,1,1981.17,Credit Card
3d3a4d60-90cc-4e24-a552-ee6067cf0b34,86,38,2025-06-08,2,2754.76,PayPal
34e1efc8-2718-46ac-a9bc-e3028f34549e,8,8,2024-08-06,5,7777.45,PayPal
88dc2b8b-1215-443c-9f54-03d1bcb4ca84,97,28,2025-04-20,1,474.12,PayPal
1142f366-bddd-48b6-a29d-c48022e0b3d7,94,39,2024-06-21,2,3829.2,Debit Card
1dffffbb-45e3-4673-86ce-cbca6b92a0df,88,41,2024-10-19,3,5527.44,Debit Card
2c08bfc8-a292-42bf-a147-f7df3d701e34,39,39,2024-09-20,5,9226.8,Debit Card
6b006e61-97d3-455b-915a-ed9b63186da1,56,7,2024-11-27,5,3577.15,Credit Card
4dd7afae-3cc1-4306-ab71-54d002fa5733,9,9,2025-03-20,4,7536.68,Credit Card
0d30acd5-d2ed-47c7-af48-8aad4fdd4e1e,56,7,2024-10-12,1,715.43,PayPal
0135d8b6-8bb7-41c5-858f-55d432f22eb3,41,41,2025-03-15,2,1961.38,Credit Card
22c8ce86-f59f-4382-b310-3e52d589658a,12,12,2025-06-02,3,1506.78,PayPal
c6b809bc-11fb-40a7-a626-0cedddc71acc,67,1,2024-10-21,3,2426.64,Cash
a6b3cd58-6162-4cb6-b4c3-c5181cd22285,43,43,2025-02-19,4,5952.52,PayPal
024a94ce-882e-4d27-9460-26da64e5bd11,96,29,2024-11-29,2,330.32,Cash
1e6a0c29-4238-4e3b-9f67-fe951b4c68ec,32,32,2024-11-28,1,484.18,Debit Card
9e8721fb-45f5-4940-b7d7-7dec0c4601d9,58,11,2025-01-15,3,4445.82,Cash
27562c00-d4b1-4555-9d6f-3243aa04c061,18,18,2025-01-15,4,4352.04,PayPal
7480b194-604e-4390-b783-c7293ccec874,45,45,2025-05-12,3,3716.67,Credit Card
203c71a1-df39-400e-9415-6d672287a975,70,46,2025-03-31,5,5144.05,Credit Card
01452f64-309d-49b7-8a52-a83459737028,65,31,2025-04-18,3,295.35,Credit Card
dd3942b5-8ade-4ba0-8e56-0fb383b86397,83,28,2024-08-29,5,5666.75,PayPal
f2b7410e-c68e-48a3-9e8c-71cb8aa3dbb2,34,34,2025-01-09,4,7980.36,PayPal
bcc2161f-87e5-42b0-b457-2ce8806a2a24,85,41,2025-03-24,4,2770.48,Cash
68931862-f9ff-4ec5-964e-e7a5cee7b042,38,38,2024-10-01,1,1781.85,Cash
2df81ee8-5fe4-48be-90ef-969f57e3cf81,99,50,2025-01-01,1,1759.98,Credit Card
9fdecff4-967e-48cb-9b8b-bd6e73408cd9,31,31,2024-08-14,5,8743.55,PayPal
3f25617b-a839-427e-ae5c-e8e73e4b3b7e,95,9,2025-05-05,3,2758.2,Cash
60c54c98-3590-4429-8911-307e7fac3860,26,26,2025-04-29,2,141.08,PayPal
7dd55d81-cf32-4340-8661-285fab92e485,22,22,2025-05-09,2,506.98,Credit Card
ab840c21-29b2-4901-9093-17b8cef4de64,26,26,2025-02-19,5,352.7,Credit Card
106bc47d-16e0-44cf-84e5-e48db1754e3c,69,43,2025-05-24,2,2632.0,Cash
15ff0c70-6898-4d55-8e7c-b950ee12a082,72,25,2025-04-29,3,5178.18,PayPal
b8655d63-69f8-47a2-b76f-8e61421896be,95,9,2025-06-07,1,919.4,PayPal
5e0bb139-f5b5-491e-a13e-9f0b73ec4477,73,3,2025-06-06,3,5948.01,Cash
2ef0dda6-22a1-491f-ab63-bd05463027c0,35,35,2024-08-08,3,3732.87,Debit Card
bb1ea109-11cb-43a9-bd31-b7b8beb1a537,41,41,2024-07-11,3,2942.07,Credit Card
5eb7b18b-d39c-4e74-bec0-3c994d36605d,65,31,2025-05-05,5,492.25,Debit Card
e0ba3899-bb2c-4308-9b20-8483f79648d0,1,1,2025-04-05,3,4313.64,PayPal
ebf9a71d-2ff1-455b-962c-64e70bcd55b7,45,45,2025-04-08,1,1238.89,PayPal
b057a4f4-2f4f-4ccd-9351-6267e9785da5,71,2,2024-08-10,2,1859.56,Debit Card
dba8db10-65ea-4d81-908d-74ec8cf4c482,78,23,2025-03-29,4,6160.84,Debit Card
dbf06478-6de4-4101-aa37-44311bf7722a,92,49,2024-09-19,2,2037.08,Credit Card
94f1f9f6-2c52-43f1-b5c2-11770db30452,60,40,2025-05-11,5,4980.25,Debit Card
a962ccfd-fce5-4bcd-b9d4-ca4cdf331786,43,43,2025-02-10,3,4464.39,Debit Card
c5a4885a-351b-4099-9466-526c68f8c0da,35,35,2024-06-29,5,6221.45,Debit Card
62f16265-cd17-447f-96fe-fc24d6656f4d,74,5,2025-01-23,3,3091.23,Credit Card
ae570795-4f61-417f-861f-0cd395248585,9,9,2025-06-19,3,5652.51,PayPal
fda2a061-6638-486c-b1f6-4b2729d3a7f5,42,42,2025-05-27,1,1166.64,Credit Card
1cae4041-cce4-4510-b6dc-b7e3c0e8e68f,10,10,2024-07-26,4,3075.48,Cash
7f2dd440-53f7-488d-9406-1d2156e51c6b,27,27,2024-10-01,3,5700.72,Credit Card
d1504bc8-c48f-42ef-a996-66db6b757aa5,22,22,2025-03-21,4,1013.96,Cash
f048e2f0-ed6a-462c-b091-2a76a6f3bfea,70,46,2025-02-15,2,2057.62,Cash
90b1e2c0-f955-4f07-842a-2e6cea166705,44,44,2025-03-04,3,4104.33,Cash
9e8b4340-8c6f-4339-95f3-4a2b43b692a1,92,49,2024-09-29,1,1018.54,Debit Card
8b17640c-5903-4ef1-b599-6fab3f4cdf79,83,28,2024-10-13,2,2266.7,Credit Card
f2bca80f-63e5-4b94-9fe7-d77e8f9747bc,64,46,2025-01-25,3,5578.86,Cash
af1605e3-bb77-47bb-bcb5-431fbd2cbbc5,7,7,2024-12-19,3,1494.27,Cash
986e00f5-3b72-414f-a8cb-5740f4eea526,42,42,2024-10-31,2,2333.28,Debit Card
87105cf6-ec0c-45b6-970e-2a885730df7b,46,46,2025-03-06,2,38.32,Credit Card
64427e7f-8bfe-4473-a413-c0ce9a96f98e,19,19,2025-03-01,5,506.0,Credit Card
4cac9f6a-6de5-4651-8322-f18332dab5c7,76,12,2024-06-30,1,797.99,PayPal
6b59ac84-7656-4e81-84dd-56f4c0398348,18,18,2025-04-03,3,3264.03,Credit Card
dd3f8cd5-3d52-4021-ab9b-e5faa73ebe93,34,34,2024-11-12,3,5985.27,Cash
ed44270b-dd06-4c90-90aa-ceff87037ead,92,49,2024-08-10,3,3055.62,PayPal
5c6669ef-b078-43b3-92ec-0f39f06eedc5,65,31,2025-03-30,1,98.45,Debit Card
4a044543-cf2e-46f3-b004-5671b61446a4,31,31,2025-06-17,5,8743.55,Credit Card
24a6a877-ea39-404b-9ff1-eac5c19fa040,9,9,2025-05-26,1,1884.17,Cash
30935af1-6837-478a-8b2a-9ec2f56d1b82,14,14,2024-12-04,3,62.37,PayPal
6616151b-e6e3-441b-a6a4-71c72c96535c,22,22,2025-06-16,1,253.49,Credit Card
3ce1be50-2258-495b-a137-a783f0d5feeb,4,4,2025-06-13,3,3238.29,Debit Card
4feae427-a489-466e-90ca-a8eea892a5a2,73,3,2024-09-17,5,9913.35,Debit Card
857240bf-4463-4bc3-9042-8b741d17ef7e,100,42,2025-05-29,3,5139.15,Debit Card
d1e73dc7-29cb-4b16-bdc4-a1e657b3e104,48,48,2024-08-14,2,1225.2,Debit Card
be9f8ba3-d2ae-47d4-ae1e-9aa5fe8de31e,85,41,2024-09-07,5,3463.1,Credit Card
eca5c4ae-50a1-4617-8168-908f716d39c8,38,38,2025-01-17,1,1781.85,PayPal
e785c643-9f8f-479b-a711-fe832580afe6,45,45,2025-06-11,4,4955.56,PayPal
9ec25272-d759-457c-a5a7-08278470dd8a,95,9,2025-03-29,5,4597.0,Cash
42e372ba-c0d6-4328-baef-e13403ef8b33,66,17,2024-09-29,2,2492.98,Debit Card
c89cfcd9-6401-4acd-b26e-b4f6b95c066f,78,23,2024-08-30,1,1540.21,Cash
359efacd-ff9e-46c4-b33d-e2bd8bed4158,91,11,2024-10-13,2,1591.38,Debit Card
6ef898e0-b35e-435c-b053-b773d0d8ec08,88,41,2025-01-30,2,3684.96,Credit Card
f19b24be-14da-4e28-b0d0-0e62f1838b78,96,29,2025-01-21,4,660.64,Debit Card
3408d1ab-2f8d-4865-8afe-201164005f38,34,34,2025-02-16,3,5985.27,PayPal
0d513d32-dadb-43e7-b6ba-1a314d11f478,48,48,2025-05-06,1,612.6,PayPal
0d7a7cae-976c-4d8d-b7d1-df44dd5c6e04,60,40,2025-05-06,3,2988.15,Debit Card
8a4f8b8e-ebf8-40df-859c-b6cbd263d770,7,7,2025-02-17,1,498.09,Cash
aeb9137c-b9e7-4fac-8d8d-a9efa6aa3e11,69,43,2025-01-21,5,6580.0,Cash
d97dd8e8-5534-4390-842f-b49b5170310b,75,41,2024-11-13,4,3570.04,Credit Card
41388aeb-99aa-4ea9-bf09-94071652e216,75,41,2025-01-10,4,3570.04,Credit Card
442bf034-2793-408f-8144-3475b92cb8a0,26,26,2024-08-27,1,70.54,PayPal
94b702c1-4a8d-43ea-84f3-afb31db8e6b7,37,37,2025-05-14,1,34.72,Credit Card
197abaab-1ad1-48f0-bdfd-0160acf54dd3,13,13,2024-11-15,5,6680.5,Debit Card
6e8ae588-4cec-47c2-ba64-2138859822d4,93,15,2024-07-28,4,495.76,Cash
eb5ad9c1-1da1-4aee-a534-3d779ecfdc17,10,10,2025-04-04,5,3844.35,Debit Card
dd44b3db-6535-4786-a11b-61193757e8d4,79,34,2024-07-21,1,57.31,Cash
eca513b8-8c59-438c-a5ff-3faf51fe0d61,47,47,2025-03-13,2,563.86,Debit Card
becff4de-bec5-4baa-a768-26c92241e80e,65,31,2025-03-19,5,492.25,PayPal
88c0a6a4-e09f-4f70-b73b-5885e025bbd8,51,34,2024-09-07,4,777.88,Credit Card
0f11d1b1-037e-4482-9ea2-aa378009233f,88,41,2024-09-02,1,1842.48,PayPal
264cef1a-cb19-494b-af32-d312a4956890,76,12,2025-04-11,2,1595.98,PayPal
39468102-6c60-4397-b36a-bd3c4def673c,4,4,2025-06-18,5,5397.15,PayPal
58206c0a-ee4b-4774-ae0b-f2027f8cf7b9,12,12,2024-07-05,1,502.26,Cash
dcc82e63-8115-46f2-a1d3-737af9306ec8,24,24,2024-10-22,1,1338.0,Credit Card
662bf553-ef28-4c0b-9455-5b8d161322f6,34,34,2025-06-13,3,5985.27,Cash
2290f285-60ce-4a40-a1e5-7a36d1b08e1b,21,21,2024-09-25,1,980.16,Cash
420e9e45-294d-4585-9eac-435b5b614ce3,1,1,2025-02-08,3,4313.64,Cash
b3676ba4-30a6-48f4-a42d-689b94d84c66,9,9,2024-06-24,5,9420.85,Credit Card
e1798dd9-c4e3-41b7-887d-f0455ccff83e,23,23,2024-07-15,2,1598.4,Cash
6c3dce19-9f96-4c9d-9a66-a8c97dd10cad,100,42,2024-11-20,5,8565.25,Credit Card
2306ec0b-c6bc-448d-8708-857807adf6d0,14,14,2024-10-30,2,41.58,PayPal
67706a95-2fe1-4cdb-a077-4385e3e6fb12,83,28,2025-03-29,5,5666.75,PayPal
ad8744d3-1d0d-4591-9d07-59a7ba9aebd0,29,29,2025-06-02,3,3580.5,PayPal
ce6c74f4-3c72-4db8-89aa-4e30067679c3,86,38,2025-04-17,4,5509.52,Credit Card
b707292a-c0dc-442b-ad1e-24071f9682cb,13,13,2025-04-16,3,4008.3,Cash
1130a189-5fa5-4a0f-b20a-8b6a6c754ce9,81,4,2024-10-22,1,1148.7,Debit Card
3a3d1085-b168-47fc-a24c-9d84c33cae16,48,48,2025-03-28,4,2450.4,Credit Card
ffafb237-6f0d-4903-88d1-1561213670d8,14,14,2024-11-13,2,41.58,Debit Card
7663be81-b7ec-4a70-88e8-7c941ff1c7d0,60,40,2025-04-01,2,1992.1,Debit Card
d79660d3-cf73-438b-9d4c-47fc48033e63,60,40,2024-08-13,1,996.05,PayPal
838f8271-327b-4a1c-8ba2-bab8d0fbc238,51,34,2024-07-10,3,583.41,PayPal
8c7d023d-ec6f-4b2e-8c54-c84147e4ec9c,72,25,2024-09-27,5,8630.3,Credit Card
7896cc11-7fd5-48c5-bdcf-8877d95b488b,52,9,2024-11-04,2,3175.94,PayPal
e5d02ccd-a93a-4b62-8da5-159e08392688,23,23,2025-01-25,2,1598.4,Credit Card
6d258197-de39-4e4f-8ca4-83aa9dc9c953,94,39,2024-11-07,5,9573.0,Debit Card
0a33c532-4aa6-4e9f-a342-551f32df49ca,44,44,2025-01-28,4,5472.44,Credit Card
780cb4e6-aea8-4aaa-81c4-5b6e4054d5c7,40,40,2024-07-30,1,38.65,Credit Card
a511dcea-0282-4e1d-ae0a-abe37cf7762a,12,12,2024-07-23,3,1506.78,Credit Card
7948fbbe-e5fd-450c-9e2d-aad81aca90b6,19,19,2024-12-10,1,101.2,Credit Card
059b5b92-26f3-4080-8b51-2933077ddaa2,63,9,2024-06-19,4,1552.76,PayPal
1b767d1c-6fd9-4804-9d97-d8c9626cc58c,38,38,2024-07-22,4,7127.4,Debit Card
13a3523b-14e0-414c-b40f-6c1201c76e80,79,34,2024-07-11,4,229.24,Cash
c031bc9a-ae04-47a6-baac-30a006cf3895,83,28,2025-05-26,3,3400.05,Debit Card
4d9ec926-3f9f-4bba-89a3-88a2de7e74cf,74,5,2024-11-12,3,3091.23,Cash
887de420-e6ff-42fe-b8c0-6e95637d1475,88,41,2024-11-01,5,9212.4,Credit Card
54be5788-e1e2-4129-b7b4-f624354dc441,84,19,2025-02-25,3,528.12,Cash
5262c8af-18a0-4196-beb3-1953c0cc042f,25,25,2025-04-24,5,9525.15,Credit Card
8fd26029-e1b4-43ef-b18d-e1aba237fdd0,48,48,2024-08-13,1,612.6,Credit Card
853a16eb-65ae-49ee-bcf4-f2b31553a7af,35,35,2025-06-19,5,6221.45,Debit Card
69eef8f2-b398-4c5d-b9f5-e2b2ee1f74b4,54,8,2024-11-07,3,3367.14,Debit Card
cb158362-cea2-4d4f-ad68-befc60639b6e,77,5,2024-08-16,5,6917.1,Cash
a3f96c1e-0d23-44e6-9705-63048e461047,82,40,2025-01-05,1,203.8,Cash
1860d89e-a34a-4f43-96ac-4245c23dabf1,93,15,2025-03-17,4,495.76,PayPal
dc7c38cb-a8ae-4ef9-90d6-7406e06d6955,59,3,2025-03-04,2,2439.54,Credit Card
c210abcc-fb6c-4c98-b6b6-ae1ec222163a,70,46,2024-12-17,2,2057.62,Credit Card
e060ed02-e29a-4a58-a8fa-72dbd7281c99,61,41,2025-01-08,5,1415.15,Cash
ec9d96b8-ccf6-42c7-8039-75d3a9126f37,80,12,2025-04-25,4,7845.92,Cash
b585191e-0cfb-46fa-a5ac-46c21d41d516,50,50,2024-08-03,3,5472.66,PayPal
075b9108-2058-4aa0-ab53-ff6526ae1d96,85,41,2025-04-13,4,2770.48,PayPal
56a9aa74-7bd2-45d6-bd07-964229d2981b,67,1,2025-02-13,5,4044.4,Credit Card
498cd9d1-6fe6-4e6e-bb92-c7ccd12b39ca,45,45,2025-05-07,3,3716.67,Credit Card
370dd043-9567-4fe5-9fbb-f3a33f475f5b,7,7,2025-03-17,5,2490.45,Credit Card
63b9c074-ec11-400b-8b2d-e43f86e795a0,30,30,2024-09-02,5,9905.85,Debit Card
d9e4a11b-c10d-49ac-bdb7-24fac06a7ebf,85,41,2024-08-18,4,2770.48,Cash
683fc76c-a639-4fe7-ae57-467900d28a10,80,12,2025-06-14,1,1961.48,Cash
950a0a61-f0b9-456b-a3ee-460a3f47946f,49,49,2025-03-01,2,2056.04,Debit Card
e8797ab0-adac-4a0f-8def-9fb79b4623b0,99,50,2024-09-20,3,5279.94,Credit Card
8b85bb6a-1246-439d-8c06-dfb68bf30cd3,24,24,2025-06-02,3,4014.0,PayPal
3b5e816a-1742-4f06-86c4-db94a54c45a9,44,44,2025-02-01,3,4104.33,Credit Card
b6ee0b43-949d-4d7c-bc55-ed4a2cc392bd,40,40,2024-12-24,5,193.25,PayPal
7b8fa224-e840-44be-b6c8-be649fa1b534,17,17,2025-01-05,3,3096.99,Cash
e40de2ff-a3a2-4c9b-8198-12ebab13ba52,71,2,2025-04-30,2,1859.56,Cash
1615c530-3694-49d3-bcd4-51bae6ee1049,44,44,2024-07-26,4,5472.44,Credit Card
e2edde3d-a14b-45ec-9296-c556cbf3f1e1,47,47,2025-04-29,3,845.79,PayPal
ea8685d2-da8a-4ea4-89e0-6ab702110ce6,10,10,2025-03-07,4,3075.48,Debit Card
ff5c1b83-170d-4943-b507-f5d295d1a933,52,9,2024-11-10,5,7939.85,Cash
3f03234f-e3ba-4bdb-b6e1-68367657da38,88,41,2024-07-13,2,3684.96,PayPal
695cb853-13d7-4d98-946a-7c1561c1e83d,82,40,2024-09-17,2,407.6,Debit Card
a7e69ff2-f6da-44ec-a235-d2271d0fd65e,65,31,2024-09-08,1,98.45,Debit Card
c583db23-8bc8-41b3-a50c-a15fb8817401,18,18,2024-09-04,3,3264.03,Credit Card
d53d2101-6ce7-4b0f-921a-9e03329d86df,31,31,2024-10-10,5,8743.55,Credit Card
48a05065-734c-40ab-9575-42c099a79a31,63,9,2025-05-28,4,1552.76,Credit Card
32de7498-7baa-4d44-844c-82542a0ad4af,37,37,2025-03-13,5,173.6,Debit Card
1188d9eb-5742-45aa-9667-ae7d40067463,57,35,2025-05-10,4,5203.2,Cash
3eecb4f6-21f1-4149-8fce-8aeabfa31f1d,29,29,2024-11-04,4,4774.0,PayPal
606bb619-f00b-4132-8cba-e7753e857c4f,46,46,2024-10-18,3,57.48,Debit Card
ae357a72-2b06-4db5-9442-9f73b9e9269b,92,49,2025-02-23,2,2037.08,Credit Card
017a3aae-6c77-4239-8b23-15724bae2efc,12,12,2025-01-14,1,502.26,Cash
f6c01b55-73e9-4d7a-aebb-cffe07d1088a,32,32,2024-12-02,1,484.18,Cash
07597ba8-f909-4dab-939a-275981748093,30,30,2025-03-08,1,1981.17,PayPal
d45b78a1-897d-4a45-86c8-28a6f3f0f244,51,34,2024-09-14,5,972.35,Credit Card
5d78c16b-0ff8-4c87-97a0-67007007f4f5,50,50,2025-01-15,4,7296.88,Credit Card
6b8ee6af-1be7-4b1f-a256-d560a127c3b3,85,41,2025-06-02,4,2770.48,Credit Card
1fbd6fce-6782-4327-9894-39550f5a4e32,56,7,2024-12-09,3,2146.29,Credit Card
57619c1a-7485-44aa-8add-f10012025a33,33,33,2024-08-20,5,2209.3,Cash
b6334d26-25e7-404f-977f-2a45b0983896,12,12,2024-12-01,2,1004.52,Cash
971f2952-5913-4e3e-9166-c90249dcdef1,77,5,2025-05-09,1,1383.42,Credit Card
2261bfe1-2f17-4c43-8f17-4f7b636121a2,38,38,2024-10-20,2,3563.7,Cash
94828e3c-87a0-4221-9d41-aaef17eda2a6,21,21,2024-07-23,4,3920.64,Debit Card
148a0575-56b7-4c89-8d6b-70fad33b5ab4,71,2,2024-09-18,4,3719.12,PayPal
05bda7c4-44a8-4942-8866-305ca26170ce,96,29,2024-11-02,1,165.16,Credit Card
